date_call_up,month_matches,matches,num_matches,competition,national_team,coach,player_name,birth_date,player_id,player_main_position,player_first_alternative_position,player_second_alternative_position,club,minutes_played_club,minutes_played_national_team,avg_score_club,avg_score_national_team,league_tier,games_starting_xi,starter_rate,original_call_up_list,out_injury,out_personal_reason,replacement,is_currently_injured,estimated_recovery_days
3/3/2023,March 2023,MAR x BRA,1,friendly,Brazil,Ramon Menezes,Mycael,,,Goalkeeper,,,Athletico-PR,,,,,,0,0,x,,,,,
3/3/2023,March 2023,MAR x BRA,1,friendly,Brazil,Ramon Menezes,Ederson,,,Goalkeeper,,,Manchester City,,,,,,0,0,x,,,,,
3/3/2023,March 2023,MAR x BRA,1,friendly,Brazil,Ramon Menezes,Weverton,,,Goalkeeper,,,Palmeiras,,,,,,1,1,x,,,,,
3/3/2023,March 2023,MAR x BRA,1,friendly,Brazil,Ramon Menezes,Arthur,,,Full-back,,,América-MG,,,,,,0,0,x,,,,,
3/3/2023,March 2023,MAR x BRA,1,friendly,Brazil,Ramon Menezes,Emerson Royal,,,Full-back,,,Tottenham,,,,,,1,1,x,,,,,
3/3/2023,March 2023,MAR x BRA,1,friendly,Brazil,Ramon Menezes,Alex Telles,,,Full-back,,,Sevilla,,,,,,1,1,x,,,,,
3/3/2023,March 2023,MAR x BRA,1,friendly,Brazil,Ramon Menezes,Renan Lodi,,,Full-back,,,Nottingham Forest,,,,,,0,0,x,,,,,
3/3/2023,March 2023,MAR x BRA,1,friendly,Brazil,Ramon Menezes,Ibañez,,,Centre-back,,,Roma,,,,,,1,1,x,,,,,
3/3/2023,March 2023,MAR x BRA,1,friendly,Brazil,Ramon Menezes,Éder Militão,,,Centre-back,Full-back,,Real Madrid,,,,,,1,1,x,,,,,
3/3/2023,March 2023,MAR x BRA,1,friendly,Brazil,Ramon Menezes,Marquinhos,,,Centre-back,,,PSG,,,,,,0,0,x,,,,,
3/3/2023,March 2023,MAR x BRA,1,friendly,Brazil,Ramon Menezes,Robert Renan,,,Centre-back,,,Zenit,,,,,,0,0,x,,,,,
3/3/2023,March 2023,MAR x BRA,1,friendly,Brazil,Ramon Menezes,André,,,Midfielder,,,Fluminense,,,,,,0,0,x,,,,,
3/3/2023,March 2023,MAR x BRA,1,friendly,Brazil,Ramon Menezes,Andrey Santos,,,Midfielder,,,Vasco da Gama,,,,,,1,1,x,,,,,
3/3/2023,March 2023,MAR x BRA,1,friendly,Brazil,Ramon Menezes,Casemiro,,,Midfielder,,,Manchester United,,,,,,1,1,x,,,,,
3/3/2023,March 2023,MAR x BRA,1,friendly,Brazil,Ramon Menezes,João Gomes,,,Midfielder,,,Wolverhampton,,,,,,0,0,x,,,,,
3/3/2023,March 2023,MAR x BRA,1,friendly,Brazil,Ramon Menezes,Lucas Paquetá,,,Midfielder,,,West Ham,,,,,,1,1,x,,,,,
3/3/2023,March 2023,MAR x BRA,1,friendly,Brazil,Ramon Menezes,Raphael Veiga,,,Midfielder,,,Palmeiras,,,,,,0,0,x,,,,,
3/3/2023,March 2023,MAR x BRA,1,friendly,Brazil,Ramon Menezes,Antony,,,Forward,,,Manchester United,,,,,,0,0,x,,,,,
3/3/2023,March 2023,MAR x BRA,1,friendly,Brazil,Ramon Menezes,Vitor Roque,,,Forward,,,Athletico-PR,,,,,,0,0,x,,,,,
3/3/2023,March 2023,MAR x BRA,1,friendly,Brazil,Ramon Menezes,Richarlison,,,Forward,,,Tottenham,,,,,,0,0,x,,,,,
3/3/2023,March 2023,MAR x BRA,1,friendly,Brazil,Ramon Menezes,Rodrygo,,,Forward,,,Real Madrid,,,,,,1,1,x,,,,,
3/3/2023,March 2023,MAR x BRA,1,friendly,Brazil,Ramon Menezes,Rony,,,Forward,,,Palmeiras,,,,,,1,1,x,,,,,
3/3/2023,March 2023,MAR x BRA,1,friendly,Brazil,Ramon Menezes,Vinícius Júnior,,,Forward,,,Real Madrid,,,,,,1,1,x,,,,,
5/28/2023,June 2023,BRA x GUI / BRA x SEN,2,friendly,Brazil,Ramon Menezes,Alisson,,,Goalkeeper,,,Liverpool,,,,,,0,0,x,,,,,
5/28/2023,June 2023,BRA x GUI / BRA x SEN,2,friendly,Brazil,Ramon Menezes,Ederson,,,Goalkeeper,,,Manchester City,,,,,,2,1,x,,,,,
5/28/2023,June 2023,BRA x GUI / BRA x SEN,2,friendly,Brazil,Ramon Menezes,Weverton,,,Goalkeeper,,,Palmeiras,,,,,,0,0,x,,,,,
5/28/2023,June 2023,BRA x GUI / BRA x SEN,2,friendly,Brazil,Ramon Menezes,Danilo,,,Full-back,Centre-back,,Juventus,,,,,,2,1,x,,,,,
5/28/2023,June 2023,BRA x GUI / BRA x SEN,2,friendly,Brazil,Ramon Menezes,Vanderson,,,Full-back,,,Monaco,,,,,,0,0,x,,,,,
5/28/2023,June 2023,BRA x GUI / BRA x SEN,2,friendly,Brazil,Ramon Menezes,Alex Telles,,,Full-back,,,Sevilla,,,,,,0,0,x,,,,,
5/28/2023,June 2023,BRA x GUI / BRA x SEN,2,friendly,Brazil,Ramon Menezes,Ayrton Lucas,,,Full-back,,,Flamengo,,,,,,2,1,x,,,,,
5/28/2023,June 2023,BRA x GUI / BRA x SEN,2,friendly,Brazil,Ramon Menezes,Ibañez,,,Centre-back,,,Roma,,,,,,0,0,x,,,,,
5/28/2023,June 2023,BRA x GUI / BRA x SEN,2,friendly,Brazil,Ramon Menezes,Éder Militão,,,Centre-back,Full-back,,Real Madrid,,,,,,2,1,x,,,,,
5/28/2023,June 2023,BRA x GUI / BRA x SEN,2,friendly,Brazil,Ramon Menezes,Marquinhos,,,Centre-back,,,PSG,,,,,,2,1,x,,,,,
5/28/2023,June 2023,BRA x GUI / BRA x SEN,2,friendly,Brazil,Ramon Menezes,Nino,,,Centre-back,,,Fluminense,,,,,,0,0,x,,,,,
5/28/2023,June 2023,BRA x GUI / BRA x SEN,2,friendly,Brazil,Ramon Menezes,André,,,Midfielder,,,Fluminense,,,,,,0,0,x,,,,,
5/28/2023,June 2023,BRA x GUI / BRA x SEN,2,friendly,Brazil,Ramon Menezes,Bruno Guimarães,,,Midfielder,,,Newcastle,,,,,,1,0.5,x,,,,,
5/28/2023,June 2023,BRA x GUI / BRA x SEN,2,friendly,Brazil,Ramon Menezes,Casemiro,,,Midfielder,,,Manchester United,,,,,,1,0.5,x,,,,,
5/28/2023,June 2023,BRA x GUI / BRA x SEN,2,friendly,Brazil,Ramon Menezes,Joelinton,,,Midfielder,,,Newcastle,,,,,,2,1,x,,,,,
5/28/2023,June 2023,BRA x GUI / BRA x SEN,2,friendly,Brazil,Ramon Menezes,Lucas Paquetá,,,Midfielder,,,West Ham,,,,,,2,1,x,,,,,
5/28/2023,June 2023,BRA x GUI / BRA x SEN,2,friendly,Brazil,Ramon Menezes,Raphael Veiga,,,Midfielder,,,Palmeiras,,,,,,0,0,x,,,,,
5/28/2023,June 2023,BRA x GUI / BRA x SEN,2,friendly,Brazil,Ramon Menezes,Malcom,,,Forward,,,Zenit,,,,,,1,0.5,x,,,,,
5/28/2023,June 2023,BRA x GUI / BRA x SEN,2,friendly,Brazil,Ramon Menezes,Pedro,,,Forward,,,Flamengo,,,,,,0,0,x,,,,,
5/28/2023,June 2023,BRA x GUI / BRA x SEN,2,friendly,Brazil,Ramon Menezes,Richarlison,,,Forward,,,Tottenham,,,,,,2,1,x,,,,,
5/28/2023,June 2023,BRA x GUI / BRA x SEN,2,friendly,Brazil,Ramon Menezes,Rodrygo,,,Forward,,,Real Madrid,,,,,,2,1,x,,,,,
5/28/2023,June 2023,BRA x GUI / BRA x SEN,2,friendly,Brazil,Ramon Menezes,Rony,,,Forward,,,Palmeiras,,,,,,0,0,x,,,,,
5/28/2023,June 2023,BRA x GUI / BRA x SEN,2,friendly,Brazil,Ramon Menezes,Vinícius Júnior,,,Forward,,,Real Madrid,,,,,,1,0.5,x,,,,,
8/18/2023,September 2023,BRA x BOL / PER x BRA,2,world cup qualifiers,Brazil,Fernando Diniz,Alisson,,,Goalkeeper,,,Liverpool,,,,,,0,0,x,,,,,
8/18/2023,September 2023,BRA x BOL / PER x BRA,2,world cup qualifiers,Brazil,Fernando Diniz,Bento,,,Goalkeeper,,,Athletico-PR,,,,,,0,0,x,x,,,,
8/18/2023,September 2023,BRA x BOL / PER x BRA,2,world cup qualifiers,Brazil,Fernando Diniz,Lucas Perri,,,Goalkeeper,,,Botafogo,,,,,,0,0,,,,x,,
8/18/2023,September 2023,BRA x BOL / PER x BRA,2,world cup qualifiers,Brazil,Fernando Diniz,Ederson,,,Goalkeeper,,,Manchester City,,,,,,2,1,x,,,,,
8/18/2023,September 2023,BRA x BOL / PER x BRA,2,world cup qualifiers,Brazil,Fernando Diniz,Danilo,,,Full-back,Centre-back,,Juventus,,,,,,2,1,x,,,,,
8/18/2023,September 2023,BRA x BOL / PER x BRA,2,world cup qualifiers,Brazil,Fernando Diniz,Vanderson,,,Full-back,,,Monaco,,,,,,0,0,x,,,,,
8/18/2023,September 2023,BRA x BOL / PER x BRA,2,world cup qualifiers,Brazil,Fernando Diniz,Caio Henrique,,,Full-back,,,Monaco,,,,,,0,0,x,,,,,
8/18/2023,September 2023,BRA x BOL / PER x BRA,2,world cup qualifiers,Brazil,Fernando Diniz,Renan Lodi,,,Full-back,,,Olympique de Marselha,,,,,,2,1,x,,,,,
8/18/2023,September 2023,BRA x BOL / PER x BRA,2,world cup qualifiers,Brazil,Fernando Diniz,Ibañez,,,Centre-back,,,Al-Ahli,,,,,,0,0,x,,,,,
8/18/2023,September 2023,BRA x BOL / PER x BRA,2,world cup qualifiers,Brazil,Fernando Diniz,Gabriel Magalhães,,,Centre-back,,,Arsenal,,,,,,2,1,x,,,,,
8/18/2023,September 2023,BRA x BOL / PER x BRA,2,world cup qualifiers,Brazil,Fernando Diniz,Marquinhos,,,Centre-back,,,PSG,,,,,,2,1,x,,,,,
8/18/2023,September 2023,BRA x BOL / PER x BRA,2,world cup qualifiers,Brazil,Fernando Diniz,Nino,,,Centre-back,,,Fluminense,,,,,,0,0,x,,,,,
8/18/2023,September 2023,BRA x BOL / PER x BRA,2,world cup qualifiers,Brazil,Fernando Diniz,André,,,Midfielder,,,Fluminense,,,,,,0,0,x,,,,,
8/18/2023,September 2023,BRA x BOL / PER x BRA,2,world cup qualifiers,Brazil,Fernando Diniz,Bruno Guimarães,,,Midfielder,,,Newcastle,,,,,,2,1,x,,,,,
8/18/2023,September 2023,BRA x BOL / PER x BRA,2,world cup qualifiers,Brazil,Fernando Diniz,Casemiro,,,Midfielder,,,Manchester United,,,,,,2,1,x,,,,,
8/18/2023,September 2023,BRA x BOL / PER x BRA,2,world cup qualifiers,Brazil,Fernando Diniz,Joelinton,,,Midfielder,,,Newcastle,,,,,,0,0,x,,,,,
8/18/2023,September 2023,BRA x BOL / PER x BRA,2,world cup qualifiers,Brazil,Fernando Diniz,Raphael Veiga,,,Midfielder,,,Palmeiras,,,,,,0,0,x,,,,,
8/18/2023,September 2023,BRA x BOL / PER x BRA,2,world cup qualifiers,Brazil,Fernando Diniz,Antony,,,Forward,,,Manchester United,,,,,,0,0,x,,x,,,
8/18/2023,September 2023,BRA x BOL / PER x BRA,2,world cup qualifiers,Brazil,Fernando Diniz,Gabriel Jesus,,,Forward,,,Arsenal,,,,,,0,0,,,,x,,
8/18/2023,September 2023,BRA x BOL / PER x BRA,2,world cup qualifiers,Brazil,Fernando Diniz,Gabriel Martinelli,,,Forward,,,Arsenal,,,,,,0,0,x,,,,,
8/18/2023,September 2023,BRA x BOL / PER x BRA,2,world cup qualifiers,Brazil,Fernando Diniz,Matheus Cunha,,,Forward,Midfielder,,Wolverhampton,,,,,,0,0,x,,,,,
8/18/2023,September 2023,BRA x BOL / PER x BRA,2,world cup qualifiers,Brazil,Fernando Diniz,Neymar,,,Forward,Midfielder,,Al-Hilal,,,,,,2,1,x,,,,,
8/18/2023,September 2023,BRA x BOL / PER x BRA,2,world cup qualifiers,Brazil,Fernando Diniz,Richarlison,,,Forward,,,Tottenham,,,,,,2,1,x,,,,,
8/18/2023,September 2023,BRA x BOL / PER x BRA,2,world cup qualifiers,Brazil,Fernando Diniz,Rodrygo,,,Forward,,,Real Madrid,,,,,,2,1,x,,,,,
8/18/2023,September 2023,BRA x BOL / PER x BRA,2,world cup qualifiers,Brazil,Fernando Diniz,Vinícius Júnior,,,Forward,,,Real Madrid,,,,,,0,0,x,x,,,,
8/18/2023,September 2023,BRA x BOL / PER x BRA,2,world cup qualifiers,Brazil,Fernando Diniz,Raphinha,,,Forward,,,Barcelona,,,,,,2,1,,,,x,,
9/23/2023,October 2023,BRA x VEN / URU x BRA,2,world cup qualifiers,Brazil,Fernando Diniz,Alisson,,,Goalkeeper,,,Liverpool,,,,,,0,0,x,,,,,
9/23/2023,October 2023,BRA x VEN / URU x BRA,2,world cup qualifiers,Brazil,Fernando Diniz,Ederson,,,Goalkeeper,,,Manchester City,,,,,,2,1,x,,,,,
9/23/2023,October 2023,BRA x VEN / URU x BRA,2,world cup qualifiers,Brazil,Fernando Diniz,Lucas Perri,,,Goalkeeper,,,Botafogo,,,,,,0,0,x,,,,,
9/23/2023,October 2023,BRA x VEN / URU x BRA,2,world cup qualifiers,Brazil,Fernando Diniz,Danilo,,,Full-back,Centre-back,,Juventus,,,,,,1,0.5,x,,,,,
9/23/2023,October 2023,BRA x VEN / URU x BRA,2,world cup qualifiers,Brazil,Fernando Diniz,Vanderson,,,Full-back,,,Monaco,,,,,,0,0,x,x,,,,
9/23/2023,October 2023,BRA x VEN / URU x BRA,2,world cup qualifiers,Brazil,Fernando Diniz,Yan Couto,,,Full-back,,,Girona,,,,,,1,0.5,,,,x,,
9/23/2023,October 2023,BRA x VEN / URU x BRA,2,world cup qualifiers,Brazil,Fernando Diniz,Caio Henrique,,,Full-back,,,Monaco,,,,,,0,0,x,x,,,,
9/23/2023,October 2023,BRA x VEN / URU x BRA,2,world cup qualifiers,Brazil,Fernando Diniz,Guilherme Arana,,,Full-back,,,Atlético-MG,,,,,,1,0.5,,,,x,,
9/23/2023,October 2023,BRA x VEN / URU x BRA,2,world cup qualifiers,Brazil,Fernando Diniz,Renan Lodi,,,Full-back,,,Olympique de Marselha,,,,,,0,0,x,x,,,,
9/23/2023,October 2023,BRA x VEN / URU x BRA,2,world cup qualifiers,Brazil,Fernando Diniz,Carlos Augusto,,,Full-back,,,Inter de Milão,,,,,,1,0.5,,,,x,,
9/23/2023,October 2023,BRA x VEN / URU x BRA,2,world cup qualifiers,Brazil,Fernando Diniz,Bremer,,,Centre-back,,,Juventus,,,,,,0,0,x,,,,,
9/23/2023,October 2023,BRA x VEN / URU x BRA,2,world cup qualifiers,Brazil,Fernando Diniz,Marquinhos,,,Centre-back,,,PSG,,,,,,2,1,x,,,,,
9/23/2023,October 2023,BRA x VEN / URU x BRA,2,world cup qualifiers,Brazil,Fernando Diniz,Gabriel Magalhães,,,Centre-back,,,Arsenal,,,,,,2,1,x,,,,,
9/23/2023,October 2023,BRA x VEN / URU x BRA,2,world cup qualifiers,Brazil,Fernando Diniz,Nino,,,Centre-back,,,Fluminense,,,,,,0,0,x,,,,,
9/23/2023,October 2023,BRA x VEN / URU x BRA,2,world cup qualifiers,Brazil,Fernando Diniz,André,,,Midfielder,,,Fluminense,,,,,,0,0,x,,,,,
9/23/2023,October 2023,BRA x VEN / URU x BRA,2,world cup qualifiers,Brazil,Fernando Diniz,Casemiro,,,Midfielder,,,Manchester United,,,,,,2,1,x,,,,,
9/23/2023,October 2023,BRA x VEN / URU x BRA,2,world cup qualifiers,Brazil,Fernando Diniz,Bruno Guimarães,,,Midfielder,,,Newcastle,,,,,,2,1,x,,,,,
9/23/2023,October 2023,BRA x VEN / URU x BRA,2,world cup qualifiers,Brazil,Fernando Diniz,Gerson,,,Midfielder,,,Flamengo,,,,,,0,0,x,,,,,
9/23/2023,October 2023,BRA x VEN / URU x BRA,2,world cup qualifiers,Brazil,Fernando Diniz,Raphael Veiga,,,Midfielder,,,Palmeiras,,,,,,0,0,x,,,,,
9/23/2023,October 2023,BRA x VEN / URU x BRA,2,world cup qualifiers,Brazil,Fernando Diniz,Neymar,,,Forward,Midfielder,,Al-Hilal,,,,,,2,1,x,,,,,
9/23/2023,October 2023,BRA x VEN / URU x BRA,2,world cup qualifiers,Brazil,Fernando Diniz,Rodrygo,,,Forward,Midfielder,,Real Madrid,,,,,,2,1,x,,,,,
9/23/2023,October 2023,BRA x VEN / URU x BRA,2,world cup qualifiers,Brazil,Fernando Diniz,Vinícius Júnior,,,Forward,,,Real Madrid,,,,,,2,1,x,,,,,
9/23/2023,October 2023,BRA x VEN / URU x BRA,2,world cup qualifiers,Brazil,Fernando Diniz,Gabriel Jesus,,,Forward,,,Arsenal,,,,,,1,0.5,x,,,,,
9/23/2023,October 2023,BRA x VEN / URU x BRA,2,world cup qualifiers,Brazil,Fernando Diniz,Richarlison,,,Forward,,,Tottenham,,,,,,1,0.5,x,,,,,
9/23/2023,October 2023,BRA x VEN / URU x BRA,2,world cup qualifiers,Brazil,Fernando Diniz,Raphinha,,,Forward,,,Barcelona,,,,,,0,0,x,x,,,,
9/23/2023,October 2023,BRA x VEN / URU x BRA,2,world cup qualifiers,Brazil,Fernando Diniz,David Neres,,,Forward,,,Benfica,,,,,,0,0,,,,x,,
9/23/2023,October 2023,BRA x VEN / URU x BRA,2,world cup qualifiers,Brazil,Fernando Diniz,Matheus Cunha,,,Forward,Midfielder,,Wolverhampton,,,,,,0,0,x,,,,,
11/6/2023,November 2023,COL x BRA / BRA x ARG,2,world cup qualifiers,Brazil,Fernando Diniz,Alisson,,,Goalkeeper,,,Liverpool,,,,,,2,1,x,,,,,
11/6/2023,November 2023,COL x BRA / BRA x ARG,2,world cup qualifiers,Brazil,Fernando Diniz,Ederson,,,Goalkeeper,,,Manchester City,,,,,,0,0,x,x,,,,
11/6/2023,November 2023,COL x BRA / BRA x ARG,2,world cup qualifiers,Brazil,Fernando Diniz,Bento,,,Goalkeeper,,,Athletico-PR,,,,,,0,0,,,,x,,
11/6/2023,November 2023,COL x BRA / BRA x ARG,2,world cup qualifiers,Brazil,Fernando Diniz,Lucas Perri,,,Goalkeeper,,,Botafogo,,,,,,0,0,x,,,,,
11/6/2023,November 2023,COL x BRA / BRA x ARG,2,world cup qualifiers,Brazil,Fernando Diniz,Emerson Royal,,,Full-back,,,Tottenham,,,,,,2,1,x,,,,,
11/6/2023,November 2023,COL x BRA / BRA x ARG,2,world cup qualifiers,Brazil,Fernando Diniz,Carlos Augusto,,,Full-back,,,Inter de Milão,,,,,,1,0.5,x,,,,,
11/6/2023,November 2023,COL x BRA / BRA x ARG,2,world cup qualifiers,Brazil,Fernando Diniz,Renan Lodi,,,Full-back,,,Olympique de Marselha,,,,,,1,0.5,x,,,,,
11/6/2023,November 2023,COL x BRA / BRA x ARG,2,world cup qualifiers,Brazil,Fernando Diniz,Bremer,,,Centre-back,,,Juventus,,,,,,0,0,x,,,,,
11/6/2023,November 2023,COL x BRA / BRA x ARG,2,world cup qualifiers,Brazil,Fernando Diniz,Gabriel Magalhães,,,Centre-back,,,Arsenal,,,,,,2,1,x,,,,,
11/6/2023,November 2023,COL x BRA / BRA x ARG,2,world cup qualifiers,Brazil,Fernando Diniz,Nino,,,Centre-back,,,Fluminense,,,,,,0,0,x,,,,,
11/6/2023,November 2023,COL x BRA / BRA x ARG,2,world cup qualifiers,Brazil,Fernando Diniz,Marquinhos,,,Centre-back,,,PSG,,,,,,2,1,x,,,,,
11/6/2023,November 2023,COL x BRA / BRA x ARG,2,world cup qualifiers,Brazil,Fernando Diniz,André,,,Midfielder,,,Fluminense,,,,,,2,1,x,,,,,
11/6/2023,November 2023,COL x BRA / BRA x ARG,2,world cup qualifiers,Brazil,Fernando Diniz,Bruno Guimarães,,,Midfielder,,,Newcastle,,,,,,2,1,x,,,,,
11/6/2023,November 2023,COL x BRA / BRA x ARG,2,world cup qualifiers,Brazil,Fernando Diniz,Douglas Luiz,,,Midfielder,,,Aston Villa,,,,,,0,0,x,,,,,
11/6/2023,November 2023,COL x BRA / BRA x ARG,2,world cup qualifiers,Brazil,Fernando Diniz,Joelinton,,,Midfielder,,,Newcastle,,,,,,0,0,x,,,,,
11/6/2023,November 2023,COL x BRA / BRA x ARG,2,world cup qualifiers,Brazil,Fernando Diniz,Raphael Veiga,,,Midfielder,,,Palmeiras,,,,,,0,0,x,,,,,
11/6/2023,November 2023,COL x BRA / BRA x ARG,2,world cup qualifiers,Brazil,Fernando Diniz,Rodrygo,,,Midfielder,Forward,,Real Madrid,,,,,,2,1,x,,,,,
11/6/2023,November 2023,COL x BRA / BRA x ARG,2,world cup qualifiers,Brazil,Fernando Diniz,Endrick,,,Forward,,,Palmeiras,,,,,,0,0,x,,,,,
11/6/2023,November 2023,COL x BRA / BRA x ARG,2,world cup qualifiers,Brazil,Fernando Diniz,Gabriel Jesus,,,Forward,,,Arsenal,,,,,,1,0.5,x,,,,,
11/6/2023,November 2023,COL x BRA / BRA x ARG,2,world cup qualifiers,Brazil,Fernando Diniz,Gabriel Martinelli,,,Forward,,,Arsenal,,,,,,2,1,x,,,,,
11/6/2023,November 2023,COL x BRA / BRA x ARG,2,world cup qualifiers,Brazil,Fernando Diniz,João Pedro,,,Forward,,,Brighton,,,,,,0,0,x,,,,,
11/6/2023,November 2023,COL x BRA / BRA x ARG,2,world cup qualifiers,Brazil,Fernando Diniz,Paulinho,,,Forward,,,Atlético-MG,,,,,,0,0,x,,,,,
11/6/2023,November 2023,COL x BRA / BRA x ARG,2,world cup qualifiers,Brazil,Fernando Diniz,Pepê,,,Forward,Midfielder,Full-back,Porto,,,,,,0,0,x,,,,,
11/6/2023,November 2023,COL x BRA / BRA x ARG,2,world cup qualifiers,Brazil,Fernando Diniz,Raphinha,,,Forward,,,Barcelona,,,,,,2,1,x,,,,,
11/6/2023,November 2023,COL x BRA / BRA x ARG,2,world cup qualifiers,Brazil,Fernando Diniz,Vinícius Júnior,,,Forward,,,Real Madrid,,,,,,1,0.5,x,,,,,
3/11/2024,March 2024,ING x BRA / ESP x BRA,2,friendly,Brazil,Dorival Júnior,Bento,,,Goalkeeper,,,Athletico-PR,,,,,,2,1,x,,,,,
3/11/2024,March 2024,ING x BRA / ESP x BRA,2,friendly,Brazil,Dorival Júnior,Ederson,,,Goalkeeper,,,Manchester City,,,,,,0,0,x,x,,,,
3/11/2024,March 2024,ING x BRA / ESP x BRA,2,friendly,Brazil,Dorival Júnior,Léo Jardim,,,Goalkeeper,,,Vasco da Gama,,,,,,0,0,,,,x,,
3/11/2024,March 2024,ING x BRA / ESP x BRA,2,friendly,Brazil,Dorival Júnior,Rafael,,,Goalkeeper,,,São Paulo,,,,,,0,0,x,,,,,
3/11/2024,March 2024,ING x BRA / ESP x BRA,2,friendly,Brazil,Dorival Júnior,Danilo,,,Full-back,Centre-back,,Juventus,,,,,,2,1,x,,,,,
3/11/2024,March 2024,ING x BRA / ESP x BRA,2,friendly,Brazil,Dorival Júnior,Yan Couto,,,Full-back,,,Girona,,,,,,0,0,x,,,,,
3/11/2024,March 2024,ING x BRA / ESP x BRA,2,friendly,Brazil,Dorival Júnior,Ayrton Lucas,,,Full-back,,,Flamengo,,,,,,0,0,x,,,,,
3/11/2024,March 2024,ING x BRA / ESP x BRA,2,friendly,Brazil,Dorival Júnior,Wendell,,,Full-back,,,Porto,,,,,,2,1,x,,,,,
3/11/2024,March 2024,ING x BRA / ESP x BRA,2,friendly,Brazil,Dorival Júnior,Lucas Beraldo,,,Centre-back,,,PSG,,,,,,2,1,x,,,,,
3/11/2024,March 2024,ING x BRA / ESP x BRA,2,friendly,Brazil,Dorival Júnior,Gabriel Magalhães,,,Centre-back,,,Arsenal,,,,,,0,0,x,x,,,,
3/11/2024,March 2024,ING x BRA / ESP x BRA,2,friendly,Brazil,Dorival Júnior,Bremer,,,Centre-back,,,Juventus,,,,,,0,0,,,,x,,
3/11/2024,March 2024,ING x BRA / ESP x BRA,2,friendly,Brazil,Dorival Júnior,Marquinhos,,,Centre-back,,,PSG,,,,,,0,0,x,x,,,,
3/11/2024,March 2024,ING x BRA / ESP x BRA,2,friendly,Brazil,Dorival Júnior,Fabrício Bruno,,,Centre-back,,,Flamengo,,,,,,2,1,,,,x,,
3/11/2024,March 2024,ING x BRA / ESP x BRA,2,friendly,Brazil,Dorival Júnior,Murilo,,,Centre-back,,,Palmeiras,,,,,,0,0,x,,,,,
3/11/2024,March 2024,ING x BRA / ESP x BRA,2,friendly,Brazil,Dorival Júnior,André,,,Midfielder,,,Fluminense,,,,,,0,0,x,,,,,
3/11/2024,March 2024,ING x BRA / ESP x BRA,2,friendly,Brazil,Dorival Júnior,Andreas Pereira,,,Midfielder,,,Fulham,,,,,,0,0,x,,,,,
3/11/2024,March 2024,ING x BRA / ESP x BRA,2,friendly,Brazil,Dorival Júnior,Bruno Guimarães,,,Midfielder,,,Newcastle,,,,,,2,1,x,,,,,
3/11/2024,March 2024,ING x BRA / ESP x BRA,2,friendly,Brazil,Dorival Júnior,Casemiro,,,Midfielder,,,Manchester United,,,,,,0,0,x,x,,,,
3/11/2024,March 2024,ING x BRA / ESP x BRA,2,friendly,Brazil,Dorival Júnior,Pepê,,,Forward,Midfielder,Full-back,Porto,,,,,,0,0,,,,x,,
3/11/2024,March 2024,ING x BRA / ESP x BRA,2,friendly,Brazil,Dorival Júnior,Douglas Luiz,,,Midfielder,,,Aston Villa,,,,,,0,0,x,,,,,
3/11/2024,March 2024,ING x BRA / ESP x BRA,2,friendly,Brazil,Dorival Júnior,João Gomes,,,Midfielder,,,Wolverhampton,,,,,,2,1,x,,,,,
3/11/2024,March 2024,ING x BRA / ESP x BRA,2,friendly,Brazil,Dorival Júnior,Lucas Paquetá,,,Midfielder,,,West Ham,,,,,,2,1,x,,,,,
3/11/2024,March 2024,ING x BRA / ESP x BRA,2,friendly,Brazil,Dorival Júnior,Pablo Maia,,,Midfielder,,,São Paulo,,,,,,0,0,x,,,,,
3/11/2024,March 2024,ING x BRA / ESP x BRA,2,friendly,Brazil,Dorival Júnior,Endrick,,,Forward,,,Palmeiras,,,,,,0,0,x,,,,,
3/11/2024,March 2024,ING x BRA / ESP x BRA,2,friendly,Brazil,Dorival Júnior,Gabriel Martinelli,,,Forward,,,Arsenal,,,,,,0,0,x,x,,,,
3/11/2024,March 2024,ING x BRA / ESP x BRA,2,friendly,Brazil,Dorival Júnior,Galeno,,,Forward,,,Porto,,,,,,0,0,,,,x,,
3/11/2024,March 2024,ING x BRA / ESP x BRA,2,friendly,Brazil,Dorival Júnior,Raphinha,,,Forward,,,Barcelona,,,,,,2,1,x,,,,,
3/11/2024,March 2024,ING x BRA / ESP x BRA,2,friendly,Brazil,Dorival Júnior,Richarlison,,,Forward,,,Tottenham,,,,,,0,0,x,,,,,
3/11/2024,March 2024,ING x BRA / ESP x BRA,2,friendly,Brazil,Dorival Júnior,Rodrygo,,,Forward,,,Real Madrid,,,,,,2,1,x,,,,,
3/11/2024,March 2024,ING x BRA / ESP x BRA,2,friendly,Brazil,Dorival Júnior,Savinho,,,Forward,,,Girona,,,,,,0,0,x,,,,,
3/11/2024,March 2024,ING x BRA / ESP x BRA,2,friendly,Brazil,Dorival Júnior,Vinícius Júnior,,,Forward,,,Real Madrid,,,,,,2,1,x,,,,,
5/10/2024,June 2024,MEX x BRA (friendly) / EUA x BRA (friendly) / BRA x CRC / PAR x BRA / BRA x COL / URU x BRA,6,continental tournament,Brazil,Dorival Júnior,Alisson,,,Goalkeeper,,,Liverpool,,,,,,6,1,x,,,,,
5/10/2024,June 2024,MEX x BRA (friendly) / EUA x BRA (friendly) / BRA x CRC / PAR x BRA / BRA x COL / URU x BRA,6,continental tournament,Brazil,Dorival Júnior,Bento,,,Goalkeeper,,,Athletico-PR,,,,,,0,0,x,,,,,
5/10/2024,June 2024,MEX x BRA (friendly) / EUA x BRA (friendly) / BRA x CRC / PAR x BRA / BRA x COL / URU x BRA,6,continental tournament,Brazil,Dorival Júnior,Ederson,,,Goalkeeper,,,Manchester City,,,,,,0,0,x,x,,,,
5/10/2024,June 2024,MEX x BRA (friendly) / EUA x BRA (friendly) / BRA x CRC / PAR x BRA / BRA x COL / URU x BRA,6,continental tournament,Brazil,Dorival Júnior,Rafael,,,Goalkeeper,,,São Paulo,,,,,,0,0,,,,x,,
5/10/2024,June 2024,MEX x BRA (friendly) / EUA x BRA (friendly) / BRA x CRC / PAR x BRA / BRA x COL / URU x BRA,6,continental tournament,Brazil,Dorival Júnior,Danilo,,,Full-back,Centre-back,,Juventus,,,,,,5,0.83,x,,,,,
5/10/2024,June 2024,MEX x BRA (friendly) / EUA x BRA (friendly) / BRA x CRC / PAR x BRA / BRA x COL / URU x BRA,6,continental tournament,Brazil,Dorival Júnior,Yan Couto,,,Full-back,,,Girona,,,,,,1,0.17,x,,,,,
5/10/2024,June 2024,MEX x BRA (friendly) / EUA x BRA (friendly) / BRA x CRC / PAR x BRA / BRA x COL / URU x BRA,6,continental tournament,Brazil,Dorival Júnior,Guilherme Arana,,,Full-back,,,Atlético-MG,,,,,,3,0.5,x,,,,,
5/10/2024,June 2024,MEX x BRA (friendly) / EUA x BRA (friendly) / BRA x CRC / PAR x BRA / BRA x COL / URU x BRA,6,continental tournament,Brazil,Dorival Júnior,Wendell,,,Full-back,,,Porto,,,,,,3,0.5,x,,,,,
5/10/2024,June 2024,MEX x BRA (friendly) / EUA x BRA (friendly) / BRA x CRC / PAR x BRA / BRA x COL / URU x BRA,6,continental tournament,Brazil,Dorival Júnior,Lucas Beraldo,,,Centre-back,,,PSG,,,,,,1,0.17,x,,,,,
5/10/2024,June 2024,MEX x BRA (friendly) / EUA x BRA (friendly) / BRA x CRC / PAR x BRA / BRA x COL / URU x BRA,6,continental tournament,Brazil,Dorival Júnior,Bremer,,,Centre-back,,,Juventus,,,,,,1,0.17,x,,,,,
5/10/2024,June 2024,MEX x BRA (friendly) / EUA x BRA (friendly) / BRA x CRC / PAR x BRA / BRA x COL / URU x BRA,6,continental tournament,Brazil,Dorival Júnior,Éder Militão,,,Centre-back,Full-back,,Real Madrid,,,,,,5,0.83,x,,,,,
5/10/2024,June 2024,MEX x BRA (friendly) / EUA x BRA (friendly) / BRA x CRC / PAR x BRA / BRA x COL / URU x BRA,6,continental tournament,Brazil,Dorival Júnior,Gabriel Magalhães,,,Centre-back,,,Arsenal,,,,,,0,0,x,,,,,
5/10/2024,June 2024,MEX x BRA (friendly) / EUA x BRA (friendly) / BRA x CRC / PAR x BRA / BRA x COL / URU x BRA,6,continental tournament,Brazil,Dorival Júnior,Marquinhos,,,Centre-back,,,PSG,,,,,,5,0.83,x,,,,,
5/10/2024,June 2024,MEX x BRA (friendly) / EUA x BRA (friendly) / BRA x CRC / PAR x BRA / BRA x COL / URU x BRA,6,continental tournament,Brazil,Dorival Júnior,Andreas Pereira,,,Midfielder,,,Fulham,,,,,,1,0.17,x,,,,,
5/10/2024,June 2024,MEX x BRA (friendly) / EUA x BRA (friendly) / BRA x CRC / PAR x BRA / BRA x COL / URU x BRA,6,continental tournament,Brazil,Dorival Júnior,Bruno Guimarães,,,Midfielder,,,Newcastle,,,,,,5,0.83,x,,,,,
5/10/2024,June 2024,MEX x BRA (friendly) / EUA x BRA (friendly) / BRA x CRC / PAR x BRA / BRA x COL / URU x BRA,6,continental tournament,Brazil,Dorival Júnior,Douglas Luiz,,,Midfielder,,,Aston Villa,,,,,,1,0.17,x,,,,,
5/10/2024,June 2024,MEX x BRA (friendly) / EUA x BRA (friendly) / BRA x CRC / PAR x BRA / BRA x COL / URU x BRA,6,continental tournament,Brazil,Dorival Júnior,Éderson,,,Midfielder,,,Atalanta,,,,,,1,0.17,x,,,,,
5/10/2024,June 2024,MEX x BRA (friendly) / EUA x BRA (friendly) / BRA x CRC / PAR x BRA / BRA x COL / URU x BRA,6,continental tournament,Brazil,Dorival Júnior,João Gomes,,,Midfielder,,,Wolverhampton,,,,,,5,0.83,x,,,,,
5/10/2024,June 2024,MEX x BRA (friendly) / EUA x BRA (friendly) / BRA x CRC / PAR x BRA / BRA x COL / URU x BRA,6,continental tournament,Brazil,Dorival Júnior,Lucas Paquetá,,,Midfielder,,,West Ham,,,,,,5,0.83,x,,,,,
5/10/2024,June 2024,MEX x BRA (friendly) / EUA x BRA (friendly) / BRA x CRC / PAR x BRA / BRA x COL / URU x BRA,6,continental tournament,Brazil,Dorival Júnior,Endrick,,,Forward,,,Palmeiras,,,,,,1,0.17,x,,,,,
5/10/2024,June 2024,MEX x BRA (friendly) / EUA x BRA (friendly) / BRA x CRC / PAR x BRA / BRA x COL / URU x BRA,6,continental tournament,Brazil,Dorival Júnior,Evanilson,,,Forward,,,Porto,,,,,,1,0.17,x,,,,,
5/10/2024,June 2024,MEX x BRA (friendly) / EUA x BRA (friendly) / BRA x CRC / PAR x BRA / BRA x COL / URU x BRA,6,continental tournament,Brazil,Dorival Júnior,Gabriel Martinelli,,,Forward,,,Arsenal,,,,,,1,0.17,x,,,,,
5/10/2024,June 2024,MEX x BRA (friendly) / EUA x BRA (friendly) / BRA x CRC / PAR x BRA / BRA x COL / URU x BRA,6,continental tournament,Brazil,Dorival Júnior,Pepê,,,Forward,Midfielder,Full-back,Porto,,,,,,0,0,x,,,,,
5/10/2024,June 2024,MEX x BRA (friendly) / EUA x BRA (friendly) / BRA x CRC / PAR x BRA / BRA x COL / URU x BRA,6,continental tournament,Brazil,Dorival Júnior,Raphinha,,,Forward,,,Barcelona,,,,,,4,0.67,x,,,,,
5/10/2024,June 2024,MEX x BRA (friendly) / EUA x BRA (friendly) / BRA x CRC / PAR x BRA / BRA x COL / URU x BRA,6,continental tournament,Brazil,Dorival Júnior,Rodrygo,,,Forward,,,Real Madrid,,,,,,5,0.83,x,,,,,
5/10/2024,June 2024,MEX x BRA (friendly) / EUA x BRA (friendly) / BRA x CRC / PAR x BRA / BRA x COL / URU x BRA,6,continental tournament,Brazil,Dorival Júnior,Savinho,,,Forward,,,Girona,,,,,,2,0.33,x,,,,,
5/10/2024,June 2024,MEX x BRA (friendly) / EUA x BRA (friendly) / BRA x CRC / PAR x BRA / BRA x COL / URU x BRA,6,continental tournament,Brazil,Dorival Júnior,Vinícius Júnior,,,Forward,,,Real Madrid,,,,,,4,0.67,x,,,,,
8/23/2024,September 2024,BRA x EQU / PAR x BRA,2,world cup qualifiers,Brazil,Dorival Júnior,Alisson,,,Goalkeeper,,,Liverpool,,,,,,2,1,x,,,,,
8/23/2024,September 2024,BRA x EQU / PAR x BRA,2,world cup qualifiers,Brazil,Dorival Júnior,Bento,,,Goalkeeper,,,Al-Nassr,,,,,,0,0,x,,,,,
8/23/2024,September 2024,BRA x EQU / PAR x BRA,2,world cup qualifiers,Brazil,Dorival Júnior,Ederson,,,Goalkeeper,,,Manchester City,,,,,,0,0,x,,,,,
8/23/2024,September 2024,BRA x EQU / PAR x BRA,2,world cup qualifiers,Brazil,Dorival Júnior,Danilo,,,Full-back,Centre-back,,Juventus,,,,,,2,1,x,,,,,
8/23/2024,September 2024,BRA x EQU / PAR x BRA,2,world cup qualifiers,Brazil,Dorival Júnior,Yan Couto,,,Full-back,,,Borussia Dortmund,,,,,,0,0,x,x,,,,
8/23/2024,September 2024,BRA x EQU / PAR x BRA,2,world cup qualifiers,Brazil,Dorival Júnior,William,,,Full-back,,,Cruzeiro,,,,,,0,0,,,,x,,
8/23/2024,September 2024,BRA x EQU / PAR x BRA,2,world cup qualifiers,Brazil,Dorival Júnior,Guilherme Arana,,,Full-back,,,Atlético-MG,,,,,,2,1,x,,,,,
8/23/2024,September 2024,BRA x EQU / PAR x BRA,2,world cup qualifiers,Brazil,Dorival Júnior,Wendell,,,Full-back,,,Porto,,,,,,0,0,x,,,,,
8/23/2024,September 2024,BRA x EQU / PAR x BRA,2,world cup qualifiers,Brazil,Dorival Júnior,Lucas Beraldo,,,Centre-back,,,PSG,,,,,,0,0,x,,,,,
8/23/2024,September 2024,BRA x EQU / PAR x BRA,2,world cup qualifiers,Brazil,Dorival Júnior,Éder Militão,,,Centre-back,Full-back,,Real Madrid,,,,,,0,0,x,x,,,,
8/23/2024,September 2024,BRA x EQU / PAR x BRA,2,world cup qualifiers,Brazil,Dorival Júnior,Fabrício Bruno,,,Centre-back,,,Flamengo,,,,,,0,0,,,,x,,
8/23/2024,September 2024,BRA x EQU / PAR x BRA,2,world cup qualifiers,Brazil,Dorival Júnior,Gabriel Magalhães,,,Centre-back,,,Arsenal,,,,,,2,1,x,,,,,
8/23/2024,September 2024,BRA x EQU / PAR x BRA,2,world cup qualifiers,Brazil,Dorival Júnior,Marquinhos,,,Centre-back,,,PSG,,,,,,2,1,x,,,,,
8/23/2024,September 2024,BRA x EQU / PAR x BRA,2,world cup qualifiers,Brazil,Dorival Júnior,André,,,Midfielder,,,Fluminense,,,,,,2,1,x,,,,,
8/23/2024,September 2024,BRA x EQU / PAR x BRA,2,world cup qualifiers,Brazil,Dorival Júnior,Bruno Guimarães,,,Midfielder,,,Newcastle,,,,,,2,1,x,,,,,
8/23/2024,September 2024,BRA x EQU / PAR x BRA,2,world cup qualifiers,Brazil,Dorival Júnior,Gerson,,,Midfielder,,,Flamengo,,,,,,0,0,x,,,,,
8/23/2024,September 2024,BRA x EQU / PAR x BRA,2,world cup qualifiers,Brazil,Dorival Júnior,João Gomes,,,Midfielder,,,Wolverhampton,,,,,,0,0,x,,,,,
8/23/2024,September 2024,BRA x EQU / PAR x BRA,2,world cup qualifiers,Brazil,Dorival Júnior,Lucas Paquetá,,,Midfielder,,,West Ham,,,,,,2,1,x,,,,,
8/23/2024,September 2024,BRA x EQU / PAR x BRA,2,world cup qualifiers,Brazil,Dorival Júnior,Rodrygo,,,Midfielder,Forward,,Real Madrid,,,,,,2,1,x,,,,,
8/23/2024,September 2024,BRA x EQU / PAR x BRA,2,world cup qualifiers,Brazil,Dorival Júnior,Endrick,,,Forward,,,Real Madrid,,,,,,1,0.5,x,,,,,
8/23/2024,September 2024,BRA x EQU / PAR x BRA,2,world cup qualifiers,Brazil,Dorival Júnior,Estêvão,,,Forward,,,Palmeiras,,,,,,0,0,x,,,,,
8/23/2024,September 2024,BRA x EQU / PAR x BRA,2,world cup qualifiers,Brazil,Dorival Júnior,Luiz Henrique,,,Forward,,,Botafogo,,,,,,1,0.5,x,,,,,
8/23/2024,September 2024,BRA x EQU / PAR x BRA,2,world cup qualifiers,Brazil,Dorival Júnior,João Pedro,,,Forward,,,Brighton,,,,,,0,0,x,,,,,
8/23/2024,September 2024,BRA x EQU / PAR x BRA,2,world cup qualifiers,Brazil,Dorival Júnior,Pedro,,,Forward,,,Flamengo,,,,,,0,0,x,x,,,,
8/23/2024,September 2024,BRA x EQU / PAR x BRA,2,world cup qualifiers,Brazil,Dorival Júnior,Lucas Moura,,,Forward,,,São Paulo,,,,,,0,0,,,,x,,
8/23/2024,September 2024,BRA x EQU / PAR x BRA,2,world cup qualifiers,Brazil,Dorival Júnior,Vinícius Júnior,,,Forward,,,Real Madrid,,,,,,2,1,x,,,,,
9/27/2024,October 2024,CHI x BRA / BRA x PER,2,world cup qualifiers,Brazil,Dorival Júnior,Bento,,,Goalkeeper,,,Al-Nassr,,,,,,0,0,x,,,,,
9/27/2024,October 2024,CHI x BRA / BRA x PER,2,world cup qualifiers,Brazil,Dorival Júnior,Ederson,,,Goalkeeper,,,Manchester City,,,,,,2,1,x,,,,,
9/27/2024,October 2024,CHI x BRA / BRA x PER,2,world cup qualifiers,Brazil,Dorival Júnior,Alisson,,,Goalkeeper,,,Liverpool,,,,,,0,0,x,x,,,,
9/27/2024,October 2024,CHI x BRA / BRA x PER,2,world cup qualifiers,Brazil,Dorival Júnior,Weverton,,,Goalkeeper,,,Palmeiras,,,,,,0,0,,,,x,,
9/27/2024,October 2024,CHI x BRA / BRA x PER,2,world cup qualifiers,Brazil,Dorival Júnior,Danilo,,,Full-back,Centre-back,,Juventus,,,,,,1,0.5,x,,,,,
9/27/2024,October 2024,CHI x BRA / BRA x PER,2,world cup qualifiers,Brazil,Dorival Júnior,Vanderson,,,Full-back,,,Monaco,,,,,,1,0.5,x,,,,,
9/27/2024,October 2024,CHI x BRA / BRA x PER,2,world cup qualifiers,Brazil,Dorival Júnior,Abner,,,Full-back,,,Lyon,,,,,,2,1,x,,,,,
9/27/2024,October 2024,CHI x BRA / BRA x PER,2,world cup qualifiers,Brazil,Dorival Júnior,Guilherme Arana,,,Full-back,,,Atlético-MG,,,,,,0,0,x,x,,,,
9/27/2024,October 2024,CHI x BRA / BRA x PER,2,world cup qualifiers,Brazil,Dorival Júnior,Alex Telles,,,Full-back,,,Botafogo,,,,,,0,0,,,,x,,
9/27/2024,October 2024,CHI x BRA / BRA x PER,2,world cup qualifiers,Brazil,Dorival Júnior,Bremer,,,Centre-back,,,Juventus,,,,,,0,0,x,x,,,,
9/27/2024,October 2024,CHI x BRA / BRA x PER,2,world cup qualifiers,Brazil,Dorival Júnior,Lucas Beraldo,,,Centre-back,,,PSG,,,,,,0,0,,,,x,,
9/27/2024,October 2024,CHI x BRA / BRA x PER,2,world cup qualifiers,Brazil,Dorival Júnior,Éder Militão,,,Centre-back,,,Real Madrid,,,,,,0,0,x,x,,,,
9/27/2024,October 2024,CHI x BRA / BRA x PER,2,world cup qualifiers,Brazil,Dorival Júnior,Fabrício Bruno,,,Centre-back,,,Flamengo,,,,,,0,0,,,,x,,
9/27/2024,October 2024,CHI x BRA / BRA x PER,2,world cup qualifiers,Brazil,Dorival Júnior,Gabriel Magalhães,,,Centre-back,,,Arsenal,,,,,,2,1,x,,,,,
9/27/2024,October 2024,CHI x BRA / BRA x PER,2,world cup qualifiers,Brazil,Dorival Júnior,Marquinhos,,,Centre-back,,,PSG,,,,,,2,1,x,,,,,
9/27/2024,October 2024,CHI x BRA / BRA x PER,2,world cup qualifiers,Brazil,Dorival Júnior,André,,,Midfielder,,,Wolverhampton,,,,,,1,0.5,x,,,,,
9/27/2024,October 2024,CHI x BRA / BRA x PER,2,world cup qualifiers,Brazil,Dorival Júnior,Bruno Guimarães,,,Midfielder,,,Newcastle,,,,,,1,0.5,x,,,,,
9/27/2024,October 2024,CHI x BRA / BRA x PER,2,world cup qualifiers,Brazil,Dorival Júnior,Gerson,,,Midfielder,,,Flamengo,,,,,,1,0.5,x,,,,,
9/27/2024,October 2024,CHI x BRA / BRA x PER,2,world cup qualifiers,Brazil,Dorival Júnior,Lucas Paquetá,,,Midfielder,,,West Ham,,,,,,1,0.5,x,,,,,
9/27/2024,October 2024,CHI x BRA / BRA x PER,2,world cup qualifiers,Brazil,Dorival Júnior,Rodrygo,,,Midfielder,Forward,,Real Madrid,,,,,,2,1,x,,,,,
9/27/2024,October 2024,CHI x BRA / BRA x PER,2,world cup qualifiers,Brazil,Dorival Júnior,Andreas Pereira,,,Midfielder,,,Fulham,,,,,,0,0,,,,x,,
9/27/2024,October 2024,CHI x BRA / BRA x PER,2,world cup qualifiers,Brazil,Dorival Júnior,Vinícius Júnior,,,Forward,,,Real Madrid,,,,,,0,0,x,x,,,,
9/27/2024,October 2024,CHI x BRA / BRA x PER,2,world cup qualifiers,Brazil,Dorival Júnior,Endrick,,,Forward,,,Real Madrid,,,,,,0,0,x,,,,,
9/27/2024,October 2024,CHI x BRA / BRA x PER,2,world cup qualifiers,Brazil,Dorival Júnior,Igor Jesus,,,Forward,,,Botafogo,,,,,,2,1,x,,,,,
9/27/2024,October 2024,CHI x BRA / BRA x PER,2,world cup qualifiers,Brazil,Dorival Júnior,Gabriel Martinelli,,,Forward,,,Arsenal,,,,,,0,0,x,,,,,
9/27/2024,October 2024,CHI x BRA / BRA x PER,2,world cup qualifiers,Brazil,Dorival Júnior,Luiz Henrique,,,Forward,,,Botafogo,,,,,,0,0,x,,,,,
9/27/2024,October 2024,CHI x BRA / BRA x PER,2,world cup qualifiers,Brazil,Dorival Júnior,Raphinha,,,Forward,,,Barcelona,,,,,,2,1,x,,,,,
9/27/2024,October 2024,CHI x BRA / BRA x PER,2,world cup qualifiers,Brazil,Dorival Júnior,Savinho,,,Forward,,,Manchester City,,,,,,2,1,x,,,,,
11/1/2024,November 2024,VEN x BRA / BRA x URU,2,world cup qualifiers,Brazil,Dorival Júnior,Weverton,,,Goalkeeper,,,Palmeiras,,,,,,0,0,x,,,,,
11/1/2024,November 2024,VEN x BRA / BRA x URU,2,world cup qualifiers,Brazil,Dorival Júnior,Ederson,,,Goalkeeper,,,Manchester City,,,,,,2,1,x,,,,,
11/1/2024,November 2024,VEN x BRA / BRA x URU,2,world cup qualifiers,Brazil,Dorival Júnior,Bento,,,Goalkeeper,,,Al-Nassr,,,,,,0,0,x,,,,,
11/1/2024,November 2024,VEN x BRA / BRA x URU,2,world cup qualifiers,Brazil,Dorival Júnior,Danilo,,,Full-back,Centre-back,,Juventus,,,,,,1,0.5,x,,,,,
11/1/2024,November 2024,VEN x BRA / BRA x URU,2,world cup qualifiers,Brazil,Dorival Júnior,Vanderson,,,Full-back,,,Monaco,,,,,,1,0.5,x,,,,,
11/1/2024,November 2024,VEN x BRA / BRA x URU,2,world cup qualifiers,Brazil,Dorival Júnior,Abner,,,Full-back,,,Lyon,,,,,,2,1,x,,,,,
11/1/2024,November 2024,VEN x BRA / BRA x URU,2,world cup qualifiers,Brazil,Dorival Júnior,Guilherme Arana,,,Full-back,,,Atlético-MG,,,,,,0,0,x,x,,,,
11/1/2024,November 2024,VEN x BRA / BRA x URU,2,world cup qualifiers,Brazil,Dorival Júnior,Alex Telles,,,Full-back,,,Botafogo,,,,,,0,0,,,,x,,
11/1/2024,November 2024,VEN x BRA / BRA x URU,2,world cup qualifiers,Brazil,Dorival Júnior,Éder Militão,,,Centre-back,Full-back,,Real Madrid,,,,,,0,0,x,x,,,,
11/1/2024,November 2024,VEN x BRA / BRA x URU,2,world cup qualifiers,Brazil,Dorival Júnior,Léo Ortiz,,,Centre-back,,,Flamengo,,,,,,0,0,,,,x,,
11/1/2024,November 2024,VEN x BRA / BRA x URU,2,world cup qualifiers,Brazil,Dorival Júnior,Gabriel Magalhães,,,Centre-back,,,Arsenal,,,,,,2,1,x,,,,,
11/1/2024,November 2024,VEN x BRA / BRA x URU,2,world cup qualifiers,Brazil,Dorival Júnior,Marquinhos,,,Centre-back,,,PSG,,,,,,2,1,x,,,,,
11/1/2024,November 2024,VEN x BRA / BRA x URU,2,world cup qualifiers,Brazil,Dorival Júnior,Murillo,,,Centre-back,,,Nottingham Forest,,,,,,0,0,x,,,,,
11/1/2024,November 2024,VEN x BRA / BRA x URU,2,world cup qualifiers,Brazil,Dorival Júnior,André,,,Midfielder,,,Wolverhampton,,,,,,0,0,x,,,,,
11/1/2024,November 2024,VEN x BRA / BRA x URU,2,world cup qualifiers,Brazil,Dorival Júnior,Andreas Pereira,,,Midfielder,,,Fulham,,,,,,0,0,x,,,,,
11/1/2024,November 2024,VEN x BRA / BRA x URU,2,world cup qualifiers,Brazil,Dorival Júnior,Bruno Guimarães,,,Midfielder,,,Newcastle,,,,,,2,1,x,,,,,
11/1/2024,November 2024,VEN x BRA / BRA x URU,2,world cup qualifiers,Brazil,Dorival Júnior,Gerson,,,Midfielder,,,Flamengo,,,,,,2,1,x,,,,,
11/1/2024,November 2024,VEN x BRA / BRA x URU,2,world cup qualifiers,Brazil,Dorival Júnior,Lucas Paquetá,,,Midfielder,,,West Ham,,,,,,0,0,x,,,,,
11/1/2024,November 2024,VEN x BRA / BRA x URU,2,world cup qualifiers,Brazil,Dorival Júnior,Raphinha,,,Midfielder,,,Barcelona,,,,,,2,1,x,,,,,
11/1/2024,November 2024,VEN x BRA / BRA x URU,2,world cup qualifiers,Brazil,Dorival Júnior,Estêvão,,,Forward,,,Palmeiras,,,,,,0,0,x,,,,,
11/1/2024,November 2024,VEN x BRA / BRA x URU,2,world cup qualifiers,Brazil,Dorival Júnior,Igor Jesus,,,Forward,,,Botafogo,,,,,,2,1,x,,,,,
11/1/2024,November 2024,VEN x BRA / BRA x URU,2,world cup qualifiers,Brazil,Dorival Júnior,Luiz Henrique,,,Forward,,,Botafogo,,,,,,0,0,x,,,,,
11/1/2024,November 2024,VEN x BRA / BRA x URU,2,world cup qualifiers,Brazil,Dorival Júnior,Rodrygo,,,Forward,,,Real Madrid,,,,,,0,0,x,x,,,,
11/1/2024,November 2024,VEN x BRA / BRA x URU,2,world cup qualifiers,Brazil,Dorival Júnior,Gabriel Martinelli,,,Forward,,,Arsenal,,,,,,0,0,,,,x,,
11/1/2024,November 2024,VEN x BRA / BRA x URU,2,world cup qualifiers,Brazil,Dorival Júnior,Savinho,,,Forward,,,Manchester City,,,,,,2,1,x,,,,,
11/1/2024,November 2024,VEN x BRA / BRA x URU,2,world cup qualifiers,Brazil,Dorival Júnior,Vinícius Júnior,,,Forward,,,Real Madrid,,,,,,2,1,x,,,,,
3/6/2025,March 2025,BRA x COL / ARG x BRA,2,world cup qualifiers,Brazil,Dorival Júnior,Alisson,,,Goalkeeper,,,Liverpool,,,,,,1,0.5,x,x,,,,
3/6/2025,March 2025,BRA x COL / ARG x BRA,2,world cup qualifiers,Brazil,Dorival Júnior,Bento,,,Goalkeeper,,,Al-Nassr,,,,,,1,0.5,x,,,,,
3/6/2025,March 2025,BRA x COL / ARG x BRA,2,world cup qualifiers,Brazil,Dorival Júnior,Ederson,,,Goalkeeper,,,Manchester City,,,,,,0,0,x,x,,,,
3/6/2025,March 2025,BRA x COL / ARG x BRA,2,world cup qualifiers,Brazil,Dorival Júnior,Weverton,,,Goalkeeper,,,Palmeiras,,,,,,0,0,,,,x,,
3/6/2025,March 2025,BRA x COL / ARG x BRA,2,world cup qualifiers,Brazil,Dorival Júnior,Lucas Perri,,,Goalkeeper,,,Lyon,,,,,,0,0,,,,x,,
3/6/2025,March 2025,BRA x COL / ARG x BRA,2,world cup qualifiers,Brazil,Dorival Júnior,Danilo,,,Full-back,Centre-back,,Flamengo,,,,,,0,0,x,x,,,,
3/6/2025,March 2025,BRA x COL / ARG x BRA,2,world cup qualifiers,Brazil,Dorival Júnior,Alex Sandro,,,Full-back,Centre-back,,Flamengo,,,,,,0,0,,,,x,,
3/6/2025,March 2025,BRA x COL / ARG x BRA,2,world cup qualifiers,Brazil,Dorival Júnior,Gabriel Magalhães,,,Centre-back,,,Arsenal,,,,,,1,0.5,x,,,,,
3/6/2025,March 2025,BRA x COL / ARG x BRA,2,world cup qualifiers,Brazil,Dorival Júnior,Guilherme Arana,,,Full-back,,,Atlético-MG,,,,,,2,1,x,,,,,
3/6/2025,March 2025,BRA x COL / ARG x BRA,2,world cup qualifiers,Brazil,Dorival Júnior,Léo Ortiz,,,Centre-back,,,Flamengo,,,,,,0,0,x,,,,,
3/6/2025,March 2025,BRA x COL / ARG x BRA,2,world cup qualifiers,Brazil,Dorival Júnior,Marquinhos,,,Centre-back,,,PSG,,,,,,2,1,x,,,,,
3/6/2025,March 2025,BRA x COL / ARG x BRA,2,world cup qualifiers,Brazil,Dorival Júnior,Murillo,,,Centre-back,,,Nottingham Forest,,,,,,1,0.5,x,,,,,
3/6/2025,March 2025,BRA x COL / ARG x BRA,2,world cup qualifiers,Brazil,Dorival Júnior,Vanderson,,,Full-back,,,Monaco,,,,,,1,0.5,x,,,,,
3/6/2025,March 2025,BRA x COL / ARG x BRA,2,world cup qualifiers,Brazil,Dorival Júnior,Wesley,,,Full-back,,,Flamengo,,,,,,1,0.5,x,,,,,
3/6/2025,March 2025,BRA x COL / ARG x BRA,2,world cup qualifiers,Brazil,Dorival Júnior,André,,,Midfielder,,,Wolverhampton,,,,,,1,0.5,x,,,,,
3/6/2025,March 2025,BRA x COL / ARG x BRA,2,world cup qualifiers,Brazil,Dorival Júnior,Bruno Guimarães,,,Midfielder,,,Newcastle,,,,,,1,0.5,x,,,,,
3/6/2025,March 2025,BRA x COL / ARG x BRA,2,world cup qualifiers,Brazil,Dorival Júnior,Gerson,,,Midfielder,,,Flamengo,,,,,,1,0.5,x,,,,,
3/6/2025,March 2025,BRA x COL / ARG x BRA,2,world cup qualifiers,Brazil,Dorival Júnior,Joelinton,,,Midfielder,,,Newcastle,,,,,,1,0.5,x,,,,,
3/6/2025,March 2025,BRA x COL / ARG x BRA,2,world cup qualifiers,Brazil,Dorival Júnior,Matheus Cunha,,,Midfielder,Forward,,Wolverhampton,,,,,,1,0.5,x,,,,,
3/6/2025,March 2025,BRA x COL / ARG x BRA,2,world cup qualifiers,Brazil,Dorival Júnior,Neymar,,,Midfielder,Forward,,Santos,,,,,,0,0,x,x,,,,
3/6/2025,March 2025,BRA x COL / ARG x BRA,2,world cup qualifiers,Brazil,Dorival Júnior,Endrick,,,Forward,,,Real Madrid,,,,,,0,0,,,,x,,
3/6/2025,March 2025,BRA x COL / ARG x BRA,2,world cup qualifiers,Brazil,Dorival Júnior,Estêvão,,,Forward,,,Palmeiras,,,,,,0,0,x,,,,,
3/6/2025,March 2025,BRA x COL / ARG x BRA,2,world cup qualifiers,Brazil,Dorival Júnior,João Pedro,,,Forward,,,Brighton,,,,,,1,0.5,x,,,,,
3/6/2025,March 2025,BRA x COL / ARG x BRA,2,world cup qualifiers,Brazil,Dorival Júnior,Raphinha,,,Forward,,,Barcelona,,,,,,2,1,x,,,,,
3/6/2025,March 2025,BRA x COL / ARG x BRA,2,world cup qualifiers,Brazil,Dorival Júnior,Rodrygo,,,Forward,Midfielder,,Real Madrid,,,,,,2,1,x,,,,,
3/6/2025,March 2025,BRA x COL / ARG x BRA,2,world cup qualifiers,Brazil,Dorival Júnior,Savinho,,,Forward,,,Manchester City,,,,,,0,0,x,,,,,
3/6/2025,March 2025,BRA x COL / ARG x BRA,2,world cup qualifiers,Brazil,Dorival Júnior,Vinícius Júnior,,,Forward,,,Real Madrid,,,,,,2,1,x,,,,,
5/26/2025,June 2025,EQU x BRA / BRA x PAR,2,world cup qualifiers,Brazil,Carlo Ancelotti,Alisson,,,Goalkeeper,,,Liverpool,,,,,,2,1,x,,,,,
5/26/2025,June 2025,EQU x BRA / BRA x PAR,2,world cup qualifiers,Brazil,Carlo Ancelotti,Bento,,,Goalkeeper,,,Al-Nassr,,,,,,0,0,x,,,,,
5/26/2025,June 2025,EQU x BRA / BRA x PAR,2,world cup qualifiers,Brazil,Carlo Ancelotti,Hugo Souza,,,Goalkeeper,,,Corinthians,,,,,,0,0,x,,,,,
5/26/2025,June 2025,EQU x BRA / BRA x PAR,2,world cup qualifiers,Brazil,Carlo Ancelotti,Alex Sandro,,,Full-back,Centre-back,,Flamengo,,,,,,2,1,x,,,,,
5/26/2025,June 2025,EQU x BRA / BRA x PAR,2,world cup qualifiers,Brazil,Carlo Ancelotti,Alexsandro Ribeiro,,,Centre-back,,,Lille,,,,,,2,1,x,,,,,
5/26/2025,June 2025,EQU x BRA / BRA x PAR,2,world cup qualifiers,Brazil,Carlo Ancelotti,Lucas Beraldo,,,Centre-back,,,PSG,,,,,,0,0,x,,,,,
5/26/2025,June 2025,EQU x BRA / BRA x PAR,2,world cup qualifiers,Brazil,Carlo Ancelotti,Carlos Augusto,,,Full-back,,,Inter de Milão,,,,,,0,0,x,,,,,
5/26/2025,June 2025,EQU x BRA / BRA x PAR,2,world cup qualifiers,Brazil,Carlo Ancelotti,Danilo,,,Full-back,Centre-back,,Flamengo,,,,,,0,0,x,,,,,
5/26/2025,June 2025,EQU x BRA / BRA x PAR,2,world cup qualifiers,Brazil,Carlo Ancelotti,Léo Ortiz,,,Centre-back,,,Flamengo,,,,,,0,0,x,,,,,
5/26/2025,June 2025,EQU x BRA / BRA x PAR,2,world cup qualifiers,Brazil,Carlo Ancelotti,Marquinhos,,,Centre-back,,,PSG,,,,,,2,1,x,,,,,
5/26/2025,June 2025,EQU x BRA / BRA x PAR,2,world cup qualifiers,Brazil,Carlo Ancelotti,Vanderson,,,Full-back,,,Monaco,,,,,,2,1,x,,,,,
5/26/2025,June 2025,EQU x BRA / BRA x PAR,2,world cup qualifiers,Brazil,Carlo Ancelotti,Wesley,,,Full-back,,,Flamengo,,,,,,0,0,x,,,,,
5/26/2025,June 2025,EQU x BRA / BRA x PAR,2,world cup qualifiers,Brazil,Carlo Ancelotti,Andreas Pereira,,,Midfielder,,,Fulham,,,,,,0,0,x,,,,,
5/26/2025,June 2025,EQU x BRA / BRA x PAR,2,world cup qualifiers,Brazil,Carlo Ancelotti,Andrey Santos,,,Midfielder,,,Strasbourg,,,,,,0,0,x,,,,,
5/26/2025,June 2025,EQU x BRA / BRA x PAR,2,world cup qualifiers,Brazil,Carlo Ancelotti,Bruno Guimarães,,,Midfielder,,,Newcastle,,,,,,2,1,x,,,,,
5/26/2025,June 2025,EQU x BRA / BRA x PAR,2,world cup qualifiers,Brazil,Carlo Ancelotti,Casemiro,,,Midfielder,,,Manchester United,,,,,,2,1,x,,,,,
5/26/2025,June 2025,EQU x BRA / BRA x PAR,2,world cup qualifiers,Brazil,Carlo Ancelotti,Éderson,,,Midfielder,,,Atalanta,,,,,,0,0,x,,,,,
5/26/2025,June 2025,EQU x BRA / BRA x PAR,2,world cup qualifiers,Brazil,Carlo Ancelotti,Gerson,,,Midfielder,,,Flamengo,,,,,,1,0.5,x,,,,,
5/26/2025,June 2025,EQU x BRA / BRA x PAR,2,world cup qualifiers,Brazil,Carlo Ancelotti,Antony,,,Forward,,,Betis,,,,,,0,0,x,,,,,
5/26/2025,June 2025,EQU x BRA / BRA x PAR,2,world cup qualifiers,Brazil,Carlo Ancelotti,Estêvão,,,Forward,,,Palmeiras,,,,,,1,0.5,x,,,,,
5/26/2025,June 2025,EQU x BRA / BRA x PAR,2,world cup qualifiers,Brazil,Carlo Ancelotti,Gabriel Martinelli,,,Forward,,,Arsenal,,,,,,1,0.5,x,,,,,
5/26/2025,June 2025,EQU x BRA / BRA x PAR,2,world cup qualifiers,Brazil,Carlo Ancelotti,Matheus Cunha,,,Forward,Midfielder,,Wolverhampton,,,,,,1,0.5,x,,,,,
5/26/2025,June 2025,EQU x BRA / BRA x PAR,2,world cup qualifiers,Brazil,Carlo Ancelotti,Raphinha,,,Forward,,,Barcelona,,,,,,1,0.5,x,,,,,
5/26/2025,June 2025,EQU x BRA / BRA x PAR,2,world cup qualifiers,Brazil,Carlo Ancelotti,Richarlison,,,Forward,,,Tottenham,,,,,,1,0.5,x,,,,,
5/26/2025,June 2025,EQU x BRA / BRA x PAR,2,world cup qualifiers,Brazil,Carlo Ancelotti,Vinícius Júnior,,,Forward,,,Real Madrid,,,,,,2,1,x,,,,,
8/25/2025,September 2025,BRA x CHI / BOL x BRA,2,world cup qualifiers,Brazil,Carlo Ancelotti,Alisson,,,Goalkeeper,,,Liverpool,,,,,,2,1,x,,,,,
8/25/2025,September 2025,BRA x CHI / BOL x BRA,2,world cup qualifiers,Brazil,Carlo Ancelotti,Bento,,,Goalkeeper,,,Al-Nassr,,,,,,0,0,x,,,,,
8/25/2025,September 2025,BRA x CHI / BOL x BRA,2,world cup qualifiers,Brazil,Carlo Ancelotti,Hugo Souza,,,Goalkeeper,,,Corinthians,,,,,,0,0,x,,,,,
8/25/2025,September 2025,BRA x CHI / BOL x BRA,2,world cup qualifiers,Brazil,Carlo Ancelotti,Alexsandro Ribeiro,,,Centre-back,,,Lille,,,,,,1,0.5,x,,,,,
8/25/2025,September 2025,BRA x CHI / BOL x BRA,2,world cup qualifiers,Brazil,Carlo Ancelotti,Caio Henrique,,,Full-back,Midfielder,,Monaco,,,,,,1,0.5,x,,,,,
8/25/2025,September 2025,BRA x CHI / BOL x BRA,2,world cup qualifiers,Brazil,Carlo Ancelotti,Douglas Santos,,,Full-back,,,Zenit,,,,,,1,0.5,x,,,,,
8/25/2025,September 2025,BRA x CHI / BOL x BRA,2,world cup qualifiers,Brazil,Carlo Ancelotti,Fabrício Bruno,,,Centre-back,,,Cruzeiro,,,,,,1,0.5,x,,,,,
8/25/2025,September 2025,BRA x CHI / BOL x BRA,2,world cup qualifiers,Brazil,Carlo Ancelotti,Gabriel Magalhães,,,Centre-back,,,Arsenal,,,,,,1,0.5,x,,,,,
8/25/2025,September 2025,BRA x CHI / BOL x BRA,2,world cup qualifiers,Brazil,Carlo Ancelotti,Marquinhos,,,Centre-back,,,PSG,,,,,,1,0.5,x,,,,,
8/25/2025,September 2025,BRA x CHI / BOL x BRA,2,world cup qualifiers,Brazil,Carlo Ancelotti,Vitinho,,,Full-back,,,Botafogo,,,,,,1,0.5,,,,x,,
8/25/2025,September 2025,BRA x CHI / BOL x BRA,2,world cup qualifiers,Brazil,Carlo Ancelotti,Vanderson,,,Full-back,,,Monaco,,,,,,0,0,x,x,,,,
8/25/2025,September 2025,BRA x CHI / BOL x BRA,2,world cup qualifiers,Brazil,Carlo Ancelotti,Wesley,,,Full-back,,,Roma,,,,,,1,0.5,x,,,,,
8/25/2025,September 2025,BRA x CHI / BOL x BRA,2,world cup qualifiers,Brazil,Carlo Ancelotti,Andrey Santos,,,Midfielder,,,Chelsea,,,,,,1,0.5,x,,,,,
8/25/2025,September 2025,BRA x CHI / BOL x BRA,2,world cup qualifiers,Brazil,Carlo Ancelotti,Bruno Guimarães,,,Midfielder,,,Newcastle,,,,,,2,1,x,,,,,
8/25/2025,September 2025,BRA x CHI / BOL x BRA,2,world cup qualifiers,Brazil,Carlo Ancelotti,Casemiro,,,Midfielder,,,Manchester United,,,,,,1,0.5,x,,,,,
8/25/2025,September 2025,BRA x CHI / BOL x BRA,2,world cup qualifiers,Brazil,Carlo Ancelotti,Joelinton,,,Midfielder,,,Newcastle,,,,,,0,0,x,x,,,,
8/25/2025,September 2025,BRA x CHI / BOL x BRA,2,world cup qualifiers,Brazil,Carlo Ancelotti,Lucas Paquetá,,,Midfielder,,,West Ham,,,,,,1,0.5,x,,,,,
8/25/2025,September 2025,BRA x CHI / BOL x BRA,2,world cup qualifiers,Brazil,Carlo Ancelotti,Jean Lucas,,,Midfielder,,,Bahia,,,,,,0,0,,,,x,,
8/25/2025,September 2025,BRA x CHI / BOL x BRA,2,world cup qualifiers,Brazil,Carlo Ancelotti,Estêvão,,,Forward,,,Chelsea,,,,,,1,0.5,x,,,,,
8/25/2025,September 2025,BRA x CHI / BOL x BRA,2,world cup qualifiers,Brazil,Carlo Ancelotti,Gabriel Martinelli,,,Forward,,,Arsenal,,,,,,1,0.5,x,,,,,
8/25/2025,September 2025,BRA x CHI / BOL x BRA,2,world cup qualifiers,Brazil,Carlo Ancelotti,João Pedro,,,Forward,,,Chelsea,,,,,,1,0.5,x,,,,,
8/25/2025,September 2025,BRA x CHI / BOL x BRA,2,world cup qualifiers,Brazil,Carlo Ancelotti,Kaio Jorge,,,Forward,,,Cruzeiro,,,,,,0,0,x,,,,,
8/25/2025,September 2025,BRA x CHI / BOL x BRA,2,world cup qualifiers,Brazil,Carlo Ancelotti,Luiz Henrique,,,Forward,,,Zenit,,,,,,1,0.5,x,,,,,
8/25/2025,September 2025,BRA x CHI / BOL x BRA,2,world cup qualifiers,Brazil,Carlo Ancelotti,Matheus Cunha,,,Forward,Midfielder,,Manchester United,,,,,,0,0,x,x,,,,
8/25/2025,September 2025,BRA x CHI / BOL x BRA,2,world cup qualifiers,Brazil,Carlo Ancelotti,Samuel Lino,,,Forward,,,Flamengo,,,,,,1,0.5,,,,x,,
8/25/2025,September 2025,BRA x CHI / BOL x BRA,2,world cup qualifiers,Brazil,Carlo Ancelotti,Raphinha,,,Forward,,,Barcelona,,,,,,1,0.5,x,,,,,
8/25/2025,September 2025,BRA x CHI / BOL x BRA,2,world cup qualifiers,Brazil,Carlo Ancelotti,Richarlison,,,Forward,,,Tottenham,,,,,,1,0.5,x,,,,,
10/1/2025,October 2025,COR x BRA / JAP x BRA,2,friendly,Brazil,Carlo Ancelotti,Bento,,,Goalkeeper,,,Al-Nassr,,,,,,1,0.5,x,,,,,
10/1/2025,October 2025,COR x BRA / JAP x BRA,2,friendly,Brazil,Carlo Ancelotti,John,,,Goalkeeper,,,Nottingham Forest,,,,,,0,0,x,,,,,
10/1/2025,October 2025,COR x BRA / JAP x BRA,2,friendly,Brazil,Carlo Ancelotti,Hugo Souza,,,Goalkeeper,,,Corinthians,,,,,,1,0.5,x,,,,,
10/1/2025,October 2025,COR x BRA / JAP x BRA,2,friendly,Brazil,Carlo Ancelotti,Caio Henrique,,,Full-back,,,Monaco,,,,,,0,0,x,,,,,
10/1/2025,October 2025,COR x BRA / JAP x BRA,2,friendly,Brazil,Carlo Ancelotti,Carlos Augusto,,,Full-back,,,Internazionale,,,,,,1,0.5,x,,,,,
10/1/2025,October 2025,COR x BRA / JAP x BRA,2,friendly,Brazil,Carlo Ancelotti,Douglas Santos,,,Full-back,,,Zenit,,,,,,1,0.5,x,,,,,
10/1/2025,October 2025,COR x BRA / JAP x BRA,2,friendly,Brazil,Carlo Ancelotti,Éder Militão,,,Centre-back,Full-back,,Real Madrid,,,,,,1,0.5,x,,,,,
10/1/2025,October 2025,COR x BRA / JAP x BRA,2,friendly,Brazil,Carlo Ancelotti,Fabrício Bruno,,,Centre-back,,,Cruzeiro,,,,,,1,0.5,x,,,,,
10/1/2025,October 2025,COR x BRA / JAP x BRA,2,friendly,Brazil,Carlo Ancelotti,Gabriel Magalhães,,,Centre-back,,,Arsenal,,,,,,1,0.5,x,,,,,
10/1/2025,October 2025,COR x BRA / JAP x BRA,2,friendly,Brazil,Carlo Ancelotti,Lucas Beraldo,,,Centre-back,,,PSG,,,,,,1,0.5,x,,,,,
10/1/2025,October 2025,COR x BRA / JAP x BRA,2,friendly,Brazil,Carlo Ancelotti,Vitinho,,,Full-back,,,Botafogo,,,,,,1,0.5,x,,,,,
10/1/2025,October 2025,COR x BRA / JAP x BRA,2,friendly,Brazil,Carlo Ancelotti,Wesley,,,Full-back,,,Roma,,,,,,0,0,x,x,,,,
10/1/2025,October 2025,COR x BRA / JAP x BRA,2,friendly,Brazil,Carlo Ancelotti,Paulo Henrique,,,Full-back,,,Vasco da Gama,,,,,,1,0.5,,,,x,,
10/1/2025,October 2025,COR x BRA / JAP x BRA,2,friendly,Brazil,Carlo Ancelotti,André,,,Midfielder,,,Wolverhampton,,,,,,0,0,x,,,,,
10/1/2025,October 2025,COR x BRA / JAP x BRA,2,friendly,Brazil,Carlo Ancelotti,Bruno Guimarães,,,Midfielder,,,Newcastle,,,,,,2,1,x,,,,,
10/1/2025,October 2025,COR x BRA / JAP x BRA,2,friendly,Brazil,Carlo Ancelotti,Casemiro,,,Midfielder,,,Manchester United,,,,,,2,1,x,,,,,
10/1/2025,October 2025,COR x BRA / JAP x BRA,2,friendly,Brazil,Carlo Ancelotti,João Gomes,,,Midfielder,,,Wolverhampton,,,,,,0,0,x,,,,,
10/1/2025,October 2025,COR x BRA / JAP x BRA,2,friendly,Brazil,Carlo Ancelotti,Joelinton,,,Midfielder,,,Newcastle,,,,,,0,0,x,,,,,
10/1/2025,October 2025,COR x BRA / JAP x BRA,2,friendly,Brazil,Carlo Ancelotti,Lucas Paquetá,,,Midfielder,,,West Ham,,,,,,1,0.5,x,,,,,
10/1/2025,October 2025,COR x BRA / JAP x BRA,2,friendly,Brazil,Carlo Ancelotti,Estêvão,,,Forward,,,Chelsea,,,,,,1,0.5,x,,,,,
10/1/2025,October 2025,COR x BRA / JAP x BRA,2,friendly,Brazil,Carlo Ancelotti,Gabriel Martinelli,,,Forward,,,Arsenal,,,,,,1,0.5,x,,,,,
10/1/2025,October 2025,COR x BRA / JAP x BRA,2,friendly,Brazil,Carlo Ancelotti,Igor Jesus,,,Forward,,,Nottingham Forest,,,,,,0,0,x,,,,,
10/1/2025,October 2025,COR x BRA / JAP x BRA,2,friendly,Brazil,Carlo Ancelotti,Luiz Henrique,,,Forward,,,Zenit,,,,,,1,0.5,x,,,,,
10/1/2025,October 2025,COR x BRA / JAP x BRA,2,friendly,Brazil,Carlo Ancelotti,Matheus Cunha,,,Forward,Midfielder,,Manchester United,,,,,,1,0.5,x,,,,,
10/1/2025,October 2025,COR x BRA / JAP x BRA,2,friendly,Brazil,Carlo Ancelotti,Richarlison,,,Forward,,,Tottenham,,,,,,0,0,x,,,,,
10/1/2025,October 2025,COR x BRA / JAP x BRA,2,friendly,Brazil,Carlo Ancelotti,Rodrygo,,,Forward,Midfielder,,Real Madrid,,,,,,1,0.5,x,,,,,
10/1/2025,October 2025,COR x BRA / JAP x BRA,2,friendly,Brazil,Carlo Ancelotti,Vinícius Júnior,,,Forward,,,Real Madrid,,,,,,2,1,x,,,,,
11/3/2025,November 2025,SEN x BRA / TUN x BRA,2,friendly,Brazil,Carlo Ancelotti,Bento,,,Goalkeeper,,,Al-Nassr,,,,,,1,0.5,x,,,,,
11/3/2025,November 2025,SEN x BRA / TUN x BRA,2,friendly,Brazil,Carlo Ancelotti,Ederson,,,Goalkeeper,,,Fenerbahçe,,,,,,1,0.5,x,,,,,
11/3/2025,November 2025,SEN x BRA / TUN x BRA,2,friendly,Brazil,Carlo Ancelotti,Hugo Souza,,,Goalkeeper,,,Corinthians,,,,,,0,0,x,x,,,,
11/3/2025,November 2025,SEN x BRA / TUN x BRA,2,friendly,Brazil,Carlo Ancelotti,John,,,Goalkeeper,,,Nottingham Forest,,,,,,0,0,,,,x,,
11/3/2025,November 2025,SEN x BRA / TUN x BRA,2,friendly,Brazil,Carlo Ancelotti,Alex Sandro,,,Full-back,Centre-back,,Flamengo,,,,,,1,0.5,x,,,,,
11/3/2025,November 2025,SEN x BRA / TUN x BRA,2,friendly,Brazil,Carlo Ancelotti,Danilo,,,Full-back,Centre-back,,Flamengo,,,,,,0,0,x,,,,,
11/3/2025,November 2025,SEN x BRA / TUN x BRA,2,friendly,Brazil,Carlo Ancelotti,Caio Henrique,,,Full-back,Midfielder,,Monaco,,,,,,1,0.5,x,,,,,
11/3/2025,November 2025,SEN x BRA / TUN x BRA,2,friendly,Brazil,Carlo Ancelotti,Éder Militão,,,Centre-back,Full-back,,Real Madrid,,,,,,2,1,x,,,,,
11/3/2025,November 2025,SEN x BRA / TUN x BRA,2,friendly,Brazil,Carlo Ancelotti,Fabrício Bruno,,,Centre-back,,,Cruzeiro,,,,,,0,0,x,,,,,
11/3/2025,November 2025,SEN x BRA / TUN x BRA,2,friendly,Brazil,Carlo Ancelotti,Gabriel Magalhães,,,Centre-back,,,Arsenal,,,,,,1,0.5,x,,,,,
11/3/2025,November 2025,SEN x BRA / TUN x BRA,2,friendly,Brazil,Carlo Ancelotti,Luciano Juba,,,Full-back,,,Bahia,,,,,,0,0,x,,,,,
11/3/2025,November 2025,SEN x BRA / TUN x BRA,2,friendly,Brazil,Carlo Ancelotti,Marquinhos,,,Centre-back,,,PSG,,,,,,2,1,x,,,,,
11/3/2025,November 2025,SEN x BRA / TUN x BRA,2,friendly,Brazil,Carlo Ancelotti,Paulo Henrique,,,Full-back,,,Vasco,,,,,,0,0,x,,,,,
11/3/2025,November 2025,SEN x BRA / TUN x BRA,2,friendly,Brazil,Carlo Ancelotti,Wesley,,,Full-back,,,Roma,,,,,,1,0.5,x,,,,,
11/3/2025,November 2025,SEN x BRA / TUN x BRA,2,friendly,Brazil,Carlo Ancelotti,Andrey Santos,,,Midfielder,,,Chelsea,,,,,,0,0,x,,,,,
11/3/2025,November 2025,SEN x BRA / TUN x BRA,2,friendly,Brazil,Carlo Ancelotti,Bruno Guimarães,,,Midfielder,,,Newcastle,,,,,,2,1,x,,,,,
11/3/2025,November 2025,SEN x BRA / TUN x BRA,2,friendly,Brazil,Carlo Ancelotti,Casemiro,,,Midfielder,,,Manchester United,,,,,,2,1,x,,,,,
11/3/2025,November 2025,SEN x BRA / TUN x BRA,2,friendly,Brazil,Carlo Ancelotti,Fabinho,,,Midfielder,,,Al-Ittihad,,,,,,0,0,x,,,,,
11/3/2025,November 2025,SEN x BRA / TUN x BRA,2,friendly,Brazil,Carlo Ancelotti,Lucas Paquetá,,,Midfielder,,,West Ham,,,,,,0,0,x,,,,,
11/3/2025,November 2025,SEN x BRA / TUN x BRA,2,friendly,Brazil,Carlo Ancelotti,Estêvão,,,Forward,,,Chelsea,,,,,,2,1,x,,,,,
11/3/2025,November 2025,SEN x BRA / TUN x BRA,2,friendly,Brazil,Carlo Ancelotti,João Pedro,,,Forward,,,Chelsea,,,,,,0,0,x,,,,,
11/3/2025,November 2025,SEN x BRA / TUN x BRA,2,friendly,Brazil,Carlo Ancelotti,Luiz Henrique,,,Forward,,,Zenit,,,,,,0,0,x,,,,,
11/3/2025,November 2025,SEN x BRA / TUN x BRA,2,friendly,Brazil,Carlo Ancelotti,Matheus Cunha,,,Forward,Midfielder,,Manchester United,,,,,,2,1,x,,,,,
11/3/2025,November 2025,SEN x BRA / TUN x BRA,2,friendly,Brazil,Carlo Ancelotti,Richarlison,,,Forward,,,Tottenham,,,,,,0,0,x,,,,,
11/3/2025,November 2025,SEN x BRA / TUN x BRA,2,friendly,Brazil,Carlo Ancelotti,Rodrygo,,,Forward,Midfielder,,Real Madrid,,,,,,2,1,x,,,,,
11/3/2025,November 2025,SEN x BRA / TUN x BRA,2,friendly,Brazil,Carlo Ancelotti,Vinícius Júnior,,,Forward,,,Real Madrid,,,,,,2,1,x,,,,,
11/3/2025,November 2025,SEN x BRA / TUN x BRA,2,friendly,Brazil,Carlo Ancelotti,Vitor Roque,,,Forward,,,Palmeiras,,,,,,0,0,x,,,,,
3/16/2026,March 2026,BRA x FRA / BRA x CRO,2,friendly,Brazil,Carlo Ancelotti,Alisson,,,Goalkeeper,,,Liverpool,,,,,1,0,0,x,x,,,x,5
3/16/2026,March 2026,BRA x FRA / BRA x CRO,2,friendly,Brazil,Carlo Ancelotti,Hugo Souza,,,Goalkeeper,,,Corinthians,,,,,9,0,0,,,,x,,
3/16/2026,March 2026,BRA x FRA / BRA x CRO,2,friendly,Brazil,Carlo Ancelotti,Bento,,,Goalkeeper,,,Al-Nassr,,,,,,1,0.5,x,,,,,
3/16/2026,March 2026,BRA x FRA / BRA x CRO,2,friendly,Brazil,Carlo Ancelotti,Ederson,,,Goalkeeper,,,Fenerbahçe,,,,,,1,0.5,x,,,,,
3/16/2026,March 2026,BRA x FRA / BRA x CRO,2,friendly,Brazil,Carlo Ancelotti,Alex Sandro,,,Full-back,Centre-back,,Flamengo,,,,,9,0,0,x,x,,,,
3/16/2026,March 2026,BRA x FRA / BRA x CRO,2,friendly,Brazil,Carlo Ancelotti,Kaiki,,,Full-back,,,Cruzeiro,,,,,9,0,0,,,,x,,
3/16/2026,March 2026,BRA x FRA / BRA x CRO,2,friendly,Brazil,Carlo Ancelotti,Gabriel Magalhães,,,Centre-back,,,Arsenal,,,,,1,0,0,x,,,,,
3/16/2026,March 2026,BRA x FRA / BRA x CRO,2,friendly,Brazil,Carlo Ancelotti,Bremer,,,Centre-back,,,Juventus,,,,,2,1,0.5,x,,,,,
3/16/2026,March 2026,BRA x FRA / BRA x CRO,2,friendly,Brazil,Carlo Ancelotti,Danilo,,,Full-back,Centre-back,,Flamengo,,,,,9,0,0,x,,,,,
3/16/2026,March 2026,BRA x FRA / BRA x CRO,2,friendly,Brazil,Carlo Ancelotti,Douglas Santos,,,Full-back,,,Zenit,,,,,,2,1,x,,,,,
3/16/2026,March 2026,BRA x FRA / BRA x CRO,2,friendly,Brazil,Carlo Ancelotti,Ibañez,,,Centre-back,,,Al-Ahli,,,,,,1,0.5,x,,,,,
3/16/2026,March 2026,BRA x FRA / BRA x CRO,2,friendly,Brazil,Carlo Ancelotti,Leo Pereira,,,Centre-back,,,Flamengo,,,,,9,2,1,x,,,,x,2
3/16/2026,March 2026,BRA x FRA / BRA x CRO,2,friendly,Brazil,Carlo Ancelotti,Marquinhos,,,Centre-back,,,PSG,,,,,4,1,0.5,x,,,,,
3/16/2026,March 2026,BRA x FRA / BRA x CRO,2,friendly,Brazil,Carlo Ancelotti,Wesley,,,Full-back,,,Roma,,,,,2,1,0.5,x,,,,,
3/16/2026,March 2026,BRA x FRA / BRA x CRO,2,friendly,Brazil,Carlo Ancelotti,Andrey Santos,,,Midfielder,,,Chelsea,,,,,1,1,0.5,x,,,,,
3/16/2026,March 2026,BRA x FRA / BRA x CRO,2,friendly,Brazil,Carlo Ancelotti,Casemiro,,,Midfielder,,,Manchester United,,,,,1,2,1,x,,,,,
3/16/2026,March 2026,BRA x FRA / BRA x CRO,2,friendly,Brazil,Carlo Ancelotti,Danilo,,,Midfielder,,,Botafogo,,,,,9,1,0.5,x,,,,,
3/16/2026,March 2026,BRA x FRA / BRA x CRO,2,friendly,Brazil,Carlo Ancelotti,Fabinho,,,Midfielder,,,Al-Ittihad,,,,,,0,0,x,,,,,
3/16/2026,March 2026,BRA x FRA / BRA x CRO,2,friendly,Brazil,Carlo Ancelotti,Gabriel Sara,,,Midfielder,,,Galatasaray,,,,,,0,0,x,,,,x,20
3/16/2026,March 2026,BRA x FRA / BRA x CRO,2,friendly,Brazil,Carlo Ancelotti,Endrick,,,Forward,,,Lyon,,,,,4,0,0,x,,,,,
3/16/2026,March 2026,BRA x FRA / BRA x CRO,2,friendly,Brazil,Carlo Ancelotti,Gabriel Martinelli,,,Forward,,,Arsenal,,,,,1,1,0.5,x,,,,,
3/16/2026,March 2026,BRA x FRA / BRA x CRO,2,friendly,Brazil,Carlo Ancelotti,Igor Thiago,,,Forward,,,Brentford,,,,,1,0,0,x,,,,,
3/16/2026,March 2026,BRA x FRA / BRA x CRO,2,friendly,Brazil,Carlo Ancelotti,João Pedro,,,Forward,,,Chelsea,,,,,1,1,0.5,x,,,,,
3/16/2026,March 2026,BRA x FRA / BRA x CRO,2,friendly,Brazil,Carlo Ancelotti,Luiz Henrique,,,Forward,,,Zenit,,,,,,1,0.5,x,,,,,
3/16/2026,March 2026,BRA x FRA / BRA x CRO,2,friendly,Brazil,Carlo Ancelotti,Matheus Cunha,,,Forward,Midfielder,,Manchester United,,,,,1,2,1,x,,,,,
3/16/2026,March 2026,BRA x FRA / BRA x CRO,2,friendly,Brazil,Carlo Ancelotti,Raphinha,,,Forward,,,Barcelona,,,,,3,1,0.5,x,,,,,
3/16/2026,March 2026,BRA x FRA / BRA x CRO,2,friendly,Brazil,Carlo Ancelotti,Rayan,,,Forward,,,Bournemouth,,,,,1,0,0,x,,,,,
3/16/2026,March 2026,BRA x FRA / BRA x CRO,2,friendly,Brazil,Carlo Ancelotti,Vinícius Júnior,,,Forward,,,Real Madrid,,,,,3,2,1,x,,,,,