player_name,sofascore_id,month_matches,interval_start,interval_end,club_at_call,minutes_played_club,avg_score_club,games_club,minutes_played_national_team,avg_score_national_team,games_nt,status
Mycael,1128850,March 2023,2022-12-19,2023-03-03,Athletico-PR,630,7.31,7,0,,0,OK
Ederson,254491,March 2023,2022-12-19,2023-03-03,Manchester City,1125,6.48,13,0,,0,OK
Weverton,243529,March 2023,2022-12-19,2023-03-03,Palmeiras,990,7.54,11,0,,0,OK
Arthur,1174761,March 2023,2022-12-19,2023-03-03,América-MG,638,7.09,10,0,,0,OK
Emerson Royal,856123,March 2023,2022-12-19,2023-03-03,Tottenham,674,6.94,12,0,,0,OK
Alex Telles,312110,March 2023,2022-12-19,2023-03-03,Sevilla,194,6.73,3,0,,0,OK
Renan Lodi,851150,March 2023,2022-12-19,2023-03-03,Nottingham Forest,980,6.75,12,0,,0,OK
Ibañez,888949,March 2023,2022-12-19,2023-03-03,Roma,1080,7.13,14,0,,0,OK
Éder Militão,822519,March 2023,2022-12-19,2023-03-03,Real Madrid,1175,7.25,14,0,,0,OK
Marquinhos,155995,March 2023,2022-12-19,2023-03-03,PSG,1080,6.92,13,0,,0,OK
Robert Renan,1191278,March 2023,2022-12-19,2023-03-03,Zenit,752,7,9,0,,0,OK
André,1035996,March 2023,2022-12-19,2023-03-03,Fluminense,482,7.25,6,0,,0,OK
Andrey Santos,1105779,March 2023,2022-12-19,2023-03-03,Vasco da Gama,681,7.44,8,0,,0,OK
Casemiro,122951,March 2023,2022-12-19,2023-03-03,Manchester United,1268,7.46,16,0,,0,OK
João Gomes,1015267,March 2023,2022-12-19,2023-03-03,Wolverhampton,66,6.8,3,0,,0,OK
Lucas Paquetá,839981,March 2023,2022-12-19,2023-03-03,West Ham,761,6.87,10,0,,0,OK
Raphael Veiga,840020,March 2023,2022-12-19,2023-03-03,Palmeiras,778,7.69,10,0,,0,OK
Antony,958380,March 2023,2022-12-19,2023-03-03,Manchester United,1006,6.81,15,0,,0,OK
Vitor Roque,1150391,March 2023,2022-12-19,2023-03-03,Athletico-PR,688,7.18,9,0,,0,OK
Richarlison,840217,March 2023,2022-12-19,2023-03-03,Tottenham,302,6.62,8,0,,0,OK
Rodrygo,910536,March 2023,2022-12-19,2023-03-03,Real Madrid,998,7.05,17,0,,0,OK
Rony,835260,March 2023,2022-12-19,2023-03-03,Palmeiras,838,7.01,10,0,,0,OK
Vinícius Júnior,868812,March 2023,2022-12-19,2023-03-03,Real Madrid,1490,7.1,16,0,,0,OK
Alisson,243609,June 2023,2023-03-26,2023-05-28,Liverpool,990,6.97,11,0,,0,OK
Ederson,254491,June 2023,2023-03-26,2023-05-28,Manchester City,1080,6.98,12,180,6.05,2,OK
Weverton,243529,June 2023,2023-03-26,2023-05-28,Palmeiras,1440,7.03,16,0,,0,OK
Danilo,1064039,June 2023,2023-03-26,2023-05-28,Juventus,831,7.01,10,0,,0,OK
Vanderson,1090694,June 2023,2023-03-26,2023-05-28,Monaco,708,6.94,8,1,,1,OK
Alex Telles,312110,June 2023,2023-03-26,2023-05-28,Sevilla,409,6.52,9,16,6.5,1,OK
Ayrton Lucas,818473,June 2023,2023-03-26,2023-05-28,Flamengo,1334,6.84,17,164,6.4,2,OK
Ibañez,888949,June 2023,2023-03-26,2023-05-28,Roma,832,6.94,11,0,,0,OK
Éder Militão,822519,June 2023,2023-03-26,2023-05-28,Real Madrid,1305,7.11,15,180,7.15,2,OK
Marquinhos,155995,June 2023,2023-03-26,2023-05-28,PSG,718,7.09,8,180,6.75,2,OK
Nino,870788,June 2023,2023-03-26,2023-05-28,Fluminense,1429,7.29,16,0,,0,OK
André,1035996,June 2023,2023-03-26,2023-05-28,Fluminense,1365,7.12,16,16,6.5,1,OK
Bruno Guimarães,866469,June 2023,2023-03-26,2023-05-28,Newcastle,1060,7.27,12,115,6.75,2,OK
Casemiro,122951,June 2023,2023-03-26,2023-05-28,Manchester United,1087,7.35,12,90,6.1,1,OK
Joelinton,560128,June 2023,2023-03-26,2023-05-28,Newcastle,812,7.08,10,132,7,2,OK
Lucas Paquetá,839981,June 2023,2023-03-26,2023-05-28,West Ham,1126,7.04,14,139,7.25,2,OK
Raphael Veiga,840020,June 2023,2023-03-26,2023-05-28,Palmeiras,818,7.73,11,48,6.55,2,OK
Malcom,551772,June 2023,2023-03-26,2023-05-28,Zenit,619,8.03,7,65,7.3,2,OK
Pedro,840219,June 2023,2023-03-26,2023-05-28,Flamengo,945,7.16,14,44,6.6,2,OK
Richarlison,840217,June 2023,2023-03-26,2023-05-28,Tottenham,269,6.76,8,140,6.5,2,OK
Rodrygo,910536,June 2023,2023-03-26,2023-05-28,Real Madrid,1193,7.28,16,82,7.5,1,OK
Rony,835260,June 2023,2023-03-26,2023-05-28,Palmeiras,852,6.84,12,34,6.5,2,OK
Vinícius Júnior,868812,June 2023,2023-03-26,2023-05-28,Real Madrid,1065,7.24,13,179,6.9,2,OK
Alisson,243609,September 2023,2023-06-21,2023-08-18,Liverpool,344,7.1,5,0,,0,OK
Bento,1016104,September 2023,2023-06-21,2023-08-18,Athletico-PR,1170,6.95,13,0,,0,OK
Lucas Perri,871290,September 2023,2023-06-21,2023-08-18,Botafogo,990,7.49,11,0,,0,OK
Ederson,254491,September 2023,2023-06-21,2023-08-18,Manchester City,315,7.08,4,180,6.75,2,OK
Danilo,1064039,September 2023,2023-06-21,2023-08-18,Juventus,250,6.7,9,0,,0,OK
Vanderson,1090694,September 2023,2023-06-21,2023-08-18,Monaco,245,7.4,6,5,,1,OK
Caio Henrique,845170,September 2023,2023-06-21,2023-08-18,Monaco,269,6.97,8,19,6.6,1,OK
Renan Lodi,851150,September 2023,2023-06-21,2023-08-18,Olympique de Marselha,390,7.15,5,161,6.9,2,OK
Ibañez,888949,September 2023,2023-06-21,2023-08-18,Al-Ahli,333,6.9,5,13,6.6,1,OK
Gabriel Magalhães,869792,September 2023,2023-06-21,2023-08-18,Arsenal,427,6.61,7,174,7.2,2,OK
Marquinhos,155995,September 2023,2023-06-21,2023-08-18,PSG,235,6.83,6,180,7.25,2,OK
Nino,870788,September 2023,2023-06-21,2023-08-18,Fluminense,847,6.86,10,0,,0,OK
André,1035996,September 2023,2023-06-21,2023-08-18,Fluminense,810,7.17,9,0,,0,OK
Bruno Guimarães,866469,September 2023,2023-06-21,2023-08-18,Newcastle,85,6.7,5,156,7.55,2,OK
Casemiro,122951,September 2023,2023-06-21,2023-08-18,Manchester United,316,7.34,5,180,7.35,2,OK
Joelinton,560128,September 2023,2023-06-21,2023-08-18,Newcastle,90,7,4,24,6.3,2,OK
Raphael Veiga,840020,September 2023,2023-06-21,2023-08-18,Palmeiras,946,7.24,11,1,,1,OK
Antony,958380,September 2023,2023-06-21,2023-08-18,Manchester United,329,7.22,6,0,,0,OK
Gabriel Jesus,794839,September 2023,2023-06-21,2023-08-18,Arsenal,221,6.75,4,34,6.55,2,OK
Gabriel Martinelli,922573,September 2023,2023-06-21,2023-08-18,Arsenal,326,6.9,6,5,,1,OK
Matheus Cunha,886363,September 2023,2023-06-21,2023-08-18,Wolverhampton,77,7.2,6,19,6.7,1,OK
Neymar,124712,September 2023,2023-06-21,2023-08-18,Al-Hilal,90,9.8,1,179,8.65,2,OK
Richarlison,840217,September 2023,2023-06-21,2023-08-18,Tottenham,135,6.9,4,135,6.4,2,OK
Rodrygo,910536,September 2023,2023-06-21,2023-08-18,Real Madrid,296,6.94,5,179,8.2,2,OK
Vinícius Júnior,868812,September 2023,2023-06-21,2023-08-18,Real Madrid,364,7.24,5,0,,0,OK
Raphinha,831005,September 2023,2023-06-21,2023-08-18,Barcelona,178,6.72,5,175,8.05,2,OK
Alisson,243609,October 2023,2023-09-13,2023-09-23,Liverpool,90,6.4,1,0,,0,OK
Ederson,254491,October 2023,2023-09-13,2023-09-23,Manchester City,270,7.17,3,180,6.55,2,OK
Lucas Perri,871290,October 2023,2023-09-13,2023-09-23,Botafogo,135,6.85,2,0,,0,OK
Danilo,1064039,October 2023,2023-09-13,2023-09-23,Juventus,0,,0,0,,0,OK
Vanderson,1090694,October 2023,2023-09-13,2023-09-23,Monaco,156,7,2,0,,0,OK
Yan Couto,1002813,October 2023,2023-09-13,2023-09-23,Girona,180,7.15,2,121,6.6,2,OK
Caio Henrique,845170,October 2023,2023-09-13,2023-09-23,Monaco,172,7.6,2,0,,0,OK
Guilherme Arana,1127439,October 2023,2023-09-13,2023-09-23,Atlético-MG,180,7.45,2,107,6.7,2,OK
Renan Lodi,851150,October 2023,2023-09-13,2023-09-23,Olympique de Marselha,170,7,2,0,,0,OK
Carlos Augusto,929199,October 2023,2023-09-13,2023-09-23,Inter de Milão,116,6.8,2,73,6.5,1,OK
Bremer,885197,October 2023,2023-09-13,2023-09-23,Juventus,180,6.85,2,0,,0,OK
Marquinhos,155995,October 2023,2023-09-13,2023-09-23,PSG,90,7.7,1,180,6.85,2,OK
Gabriel Magalhães,869792,October 2023,2023-09-13,2023-09-23,Arsenal,180,7.1,2,180,7.35,2,OK
Nino,870788,October 2023,2023-09-13,2023-09-23,Fluminense,180,7.05,2,0,,0,OK
André,1035996,October 2023,2023-09-13,2023-09-23,Fluminense,180,6.85,2,11,6.3,1,OK
Casemiro,122951,October 2023,2023-09-13,2023-09-23,Manchester United,244,7.5,3,169,6.85,2,OK
Bruno Guimarães,866469,October 2023,2023-09-13,2023-09-23,Newcastle,180,6.6,2,163,6.8,2,OK
Gerson,611876,October 2023,2023-09-13,2023-09-23,Flamengo,263,6.87,3,11,6.7,1,OK
Raphael Veiga,840020,October 2023,2023-09-13,2023-09-23,Palmeiras,121,7.2,2,12,6.5,1,OK
Neymar,124712,October 2023,2023-09-13,2023-09-23,Al-Hilal,206,7.27,3,135,7.4,2,OK
Rodrygo,910536,October 2023,2023-09-13,2023-09-23,Real Madrid,177,6.8,2,180,7,2,OK
Vinícius Júnior,868812,October 2023,2023-09-13,2023-09-23,Real Madrid,0,,0,163,6.6,2,OK
Gabriel Jesus,794839,October 2023,2023-09-13,2023-09-23,Arsenal,93,6.7,2,121,6.9,2,OK
Richarlison,840217,October 2023,2023-09-13,2023-09-23,Tottenham,10,8.6,1,104,6.6,2,OK
Raphinha,831005,October 2023,2023-09-13,2023-09-23,Barcelona,112,7.57,3,0,,0,OK
David Neres,850993,October 2023,2023-09-13,2023-09-23,Benfica,34,6.55,2,17,6.5,1,OK
Matheus Cunha,886363,October 2023,2023-09-13,2023-09-23,Wolverhampton,132,6.8,2,23,6.5,2,OK
Alisson,243609,November 2023,2023-10-18,2023-11-06,Liverpool,270,7.27,3,180,7.45,2,OK
Ederson,254491,November 2023,2023-10-18,2023-11-06,Manchester City,270,7,3,0,,0,OK
Bento,1016104,November 2023,2023-10-18,2023-11-06,Athletico-PR,540,6.65,6,0,,0,OK
Lucas Perri,871290,November 2023,2023-10-18,2023-11-06,Botafogo,450,6.34,5,0,,0,OK
Emerson Royal,856123,November 2023,2023-10-18,2023-11-06,Tottenham,124,7,3,180,7.05,2,OK
Carlos Augusto,929199,November 2023,2023-10-18,2023-11-06,Inter de Milão,156,6.72,4,90,6.3,1,OK
Renan Lodi,851150,November 2023,2023-10-18,2023-11-06,Olympique de Marselha,270,7.1,4,81,6.1,1,OK
Bremer,885197,November 2023,2023-10-18,2023-11-06,Juventus,270,7.5,3,0,,0,OK
Gabriel Magalhães,869792,November 2023,2023-10-18,2023-11-06,Arsenal,360,6.92,4,154,6.45,2,OK
Nino,870788,November 2023,2023-10-18,2023-11-06,Fluminense,120,7.2,1,45,6.8,1,OK
Marquinhos,155995,November 2023,2023-10-18,2023-11-06,PSG,251,7.13,3,135,6.75,2,OK
André,1035996,November 2023,2023-10-18,2023-11-06,Fluminense,480,7.2,5,180,7.15,2,OK
Bruno Guimarães,866469,November 2023,2023-10-18,2023-11-06,Newcastle,365,7.12,5,168,7,2,OK
Douglas Luiz,867887,November 2023,2023-10-18,2023-11-06,Aston Villa,334,7.65,4,20,6.55,2,OK
Joelinton,560128,November 2023,2023-10-18,2023-11-06,Newcastle,415,7.02,5,9,5.8,1,OK
Raphael Veiga,840020,November 2023,2023-10-18,2023-11-06,Palmeiras,479,7.38,6,12,6.8,1,OK
Rodrygo,910536,November 2023,2023-10-18,2023-11-06,Real Madrid,232,6.68,4,159,6.7,2,OK
Endrick,1174937,November 2023,2023-10-18,2023-11-06,Palmeiras,388,7.36,5,26,6.55,2,OK
Gabriel Jesus,794839,November 2023,2023-10-18,2023-11-06,Arsenal,149,7.6,2,90,6.4,1,OK
Gabriel Martinelli,922573,November 2023,2023-10-18,2023-11-06,Arsenal,347,7.38,5,168,7.1,2,OK
João Pedro,975079,November 2023,2023-10-18,2023-11-06,Brighton,197,6.6,4,63,6.8,1,OK
Paulinho,885179,November 2023,2023-10-18,2023-11-06,Atlético-MG,523,7.47,6,21,6.6,1,OK
Pepê,882664,November 2023,2023-10-18,2023-11-06,Porto,263,7.2,4,9,6.5,1,OK
Raphinha,831005,November 2023,2023-10-18,2023-11-06,Barcelona,34,7.05,2,154,6.95,2,OK
Vinícius Júnior,868812,November 2023,2023-10-18,2023-11-06,Real Madrid,357,6.9,4,27,7.2,1,OK
Bento,1016104,March 2024,2023-11-22,2024-03-11,Athletico-PR,1260,7.31,14,180,7.45,2,OK
Ederson,254491,March 2024,2023-11-22,2024-03-11,Manchester City,1684,6.95,20,0,,0,OK
Léo Jardim,595598,March 2024,2023-11-22,2024-03-11,Vasco da Gama,1530,7.14,17,0,,0,OK
Rafael,33132,March 2024,2023-11-22,2024-03-11,São Paulo,1440,7.11,16,0,,0,OK
Danilo,1064039,March 2024,2023-11-22,2024-03-11,Juventus,1292,6.94,20,0,,0,OK
Yan Couto,1002813,March 2024,2023-11-22,2024-03-11,Girona,1192,7.08,18,45,6.7,1,OK
Ayrton Lucas,818473,March 2024,2023-11-22,2024-03-11,Flamengo,1010,7.13,14,0,,0,OK
Wendell,335033,March 2024,2023-11-22,2024-03-11,Porto,966,7.49,14,179,6.6,2,OK
Lucas Beraldo,1108441,March 2024,2023-11-22,2024-03-11,PSG,1351,6.99,17,180,6.35,2,OK
Gabriel Magalhães,869792,March 2024,2023-11-22,2024-03-11,Arsenal,1791,7.38,20,0,,0,OK
Bremer,885197,March 2024,2023-11-22,2024-03-11,Juventus,1440,7.17,16,1,,1,OK
Marquinhos,155995,March 2024,2023-11-22,2024-03-11,PSG,947,7.34,12,0,,0,OK
Fabrício Bruno,840220,March 2024,2023-11-22,2024-03-11,Flamengo,1129,7.22,14,180,6.7,2,OK
Murilo,874729,March 2024,2023-11-22,2024-03-11,Palmeiras,1272,7.01,15,0,,0,OK
André,1035996,March 2024,2023-11-22,2024-03-11,Fluminense,1124,6.98,15,45,6.4,1,OK
Andreas Pereira,285949,March 2024,2023-11-22,2024-03-11,Fulham,1475,7.09,21,64,6.65,2,OK
Bruno Guimarães,866469,March 2024,2023-11-22,2024-03-11,Newcastle,1984,7.44,22,124,6.8,2,OK
Casemiro,122951,March 2024,2023-11-22,2024-03-11,Manchester United,702,7.16,9,0,,0,OK
Pepê,882664,March 2024,2023-11-22,2024-03-11,Porto,1497,7.15,21,0,,0,OK
Douglas Luiz,867887,March 2024,2023-11-22,2024-03-11,Aston Villa,1774,7.31,21,30,6.85,2,OK
João Gomes,1015267,March 2024,2023-11-22,2024-03-11,Wolverhampton,1153,6.84,15,135,6.4,2,OK
Lucas Paquetá,839981,March 2024,2023-11-22,2024-03-11,West Ham,1088,7.14,15,161,6.95,2,OK
Pablo Maia,1120721,March 2024,2023-11-22,2024-03-11,São Paulo,1357,6.94,16,1,,1,OK
Endrick,1174937,March 2024,2023-11-22,2024-03-11,Palmeiras,705,7.26,16,64,7.05,2,OK
Gabriel Martinelli,922573,March 2024,2023-11-22,2024-03-11,Arsenal,1248,7.18,18,0,,0,OK
Galeno,845754,March 2024,2023-11-22,2024-03-11,Porto,1191,7.51,22,8,7.1,1,OK
Raphinha,831005,March 2024,2023-11-22,2024-03-11,Barcelona,837,7.5,15,123,6.55,2,OK
Richarlison,840217,March 2024,2023-11-22,2024-03-11,Tottenham,993,7.18,14,0,,0,OK
Rodrygo,910536,March 2024,2023-11-22,2024-03-11,Real Madrid,1640,7.3,23,153,7.4,2,OK
Savinho,1046795,March 2024,2023-11-22,2024-03-11,Girona,1439,7.22,18,12,6.5,1,OK
Vinícius Júnior,868812,March 2024,2023-11-22,2024-03-11,Real Madrid,1237,7.45,14,160,6.4,2,OK
Alisson,243609,June 2024,2024-03-27,2024-05-10,Liverpool,540,7.25,6,90,6.4,1,OK
Bento,1016104,June 2024,2024-03-27,2024-05-10,Athletico-PR,990,7.22,11,0,,0,OK
Ederson,254491,June 2024,2024-03-27,2024-05-10,Manchester City,435,7.14,5,0,,0,OK
Rafael,33132,June 2024,2024-03-27,2024-05-10,São Paulo,810,6.83,9,0,,0,OK
Danilo,1064039,June 2024,2024-03-27,2024-05-10,Juventus,504,7.3,6,0,,0,OK
Yan Couto,1002813,June 2024,2024-03-27,2024-05-10,Girona,392,6.72,6,90,7.5,1,OK
Guilherme Arana,1127439,June 2024,2024-03-27,2024-05-10,Atlético-MG,986,7.54,12,90,6.2,1,OK
Wendell,335033,June 2024,2024-03-27,2024-05-10,Porto,621,7.07,7,0,,0,OK
Lucas Beraldo,1108441,June 2024,2024-03-27,2024-05-10,PSG,448,6.85,6,0,,0,OK
Bremer,885197,June 2024,2024-03-27,2024-05-10,Juventus,720,7.2,8,90,6.9,1,OK
Éder Militão,822519,June 2024,2024-03-27,2024-05-10,Real Madrid,209,6.97,7,90,7,1,OK
Gabriel Magalhães,869792,June 2024,2024-03-27,2024-05-10,Arsenal,900,6.91,10,0,,0,OK
Marquinhos,155995,June 2024,2024-03-27,2024-05-10,PSG,589,7.03,8,0,,0,OK
Andreas Pereira,285949,June 2024,2024-03-27,2024-05-10,Fulham,545,7.46,7,61,7.4,1,OK
Bruno Guimarães,866469,June 2024,2024-03-27,2024-05-10,Newcastle,629,7.57,7,16,6.8,1,OK
Douglas Luiz,867887,June 2024,2024-03-27,2024-05-10,Aston Villa,799,6.73,9,74,6.8,1,OK
Éderson,946888,June 2024,2024-03-27,2024-05-10,Atalanta,842,6.83,12,84,6.6,1,OK
João Gomes,1015267,June 2024,2024-03-27,2024-05-10,Wolverhampton,657,6.75,8,15,6.3,1,OK
Lucas Paquetá,839981,June 2024,2024-03-27,2024-05-10,West Ham,706,6.91,8,29,6.5,1,OK
Endrick,1174937,June 2024,2024-03-27,2024-05-10,Palmeiras,837,7.12,12,29,7.2,1,OK
Evanilson,998490,June 2024,2024-03-27,2024-05-10,Porto,422,7.02,5,61,6.7,1,OK
Gabriel Martinelli,922573,June 2024,2024-03-27,2024-05-10,Arsenal,282,6.59,10,61,6.9,1,OK
Pepê,882664,June 2024,2024-03-27,2024-05-10,Porto,680,7.39,8,29,6.5,1,OK
Raphinha,831005,June 2024,2024-03-27,2024-05-10,Barcelona,417,7.5,7,0,,0,OK
Rodrygo,910536,June 2024,2024-03-27,2024-05-10,Real Madrid,479,7.2,6,0,,0,OK
Savinho,1046795,June 2024,2024-03-27,2024-05-10,Girona,423,7.2,5,74,7.3,1,OK
Vinícius Júnior,868812,June 2024,2024-03-27,2024-05-10,Real Madrid,516,7.3,8,16,7.4,1,OK
Alisson,243609,September 2024,2024-07-06,2024-08-23,Liverpool,90,7.1,1,360,7.2,4,OK
Bento,1016104,September 2024,2024-07-06,2024-08-23,Al-Nassr,360,6.95,4,0,,0,OK
Ederson,254491,September 2024,2024-07-06,2024-08-23,Manchester City,180,7.15,2,0,,0,OK
Danilo,1064039,September 2024,2024-07-06,2024-08-23,Juventus,15,6.3,1,0,,0,OK
Yan Couto,1002813,September 2024,2024-07-06,2024-08-23,Borussia Dortmund,31,7.1,1,0,,0,OK
William,604274,September 2024,2024-07-06,2024-08-23,Cruzeiro,855,7.37,10,0,,0,OK
Guilherme Arana,1127439,September 2024,2024-07-06,2024-08-23,Atlético-MG,778,7.41,9,180,7.35,2,OK
Wendell,335033,September 2024,2024-07-06,2024-08-23,Porto,0,,0,176,6.4,2,OK
Lucas Beraldo,1108441,September 2024,2024-07-06,2024-08-23,PSG,90,7.2,1,0,,0,OK
Éder Militão,822519,September 2024,2024-07-06,2024-08-23,Real Madrid,180,7.25,2,356,7.2,4,OK
Fabrício Bruno,840220,September 2024,2024-07-06,2024-08-23,Flamengo,855,7.04,10,0,,0,OK
Gabriel Magalhães,869792,September 2024,2024-07-06,2024-08-23,Arsenal,168,7.6,2,4,,1,OK
Marquinhos,155995,September 2024,2024-07-06,2024-08-23,PSG,109,7,2,360,7.25,4,OK
André,1035996,September 2024,2024-07-06,2024-08-23,Fluminense,893,7.12,10,0,,0,OK
Bruno Guimarães,866469,September 2024,2024-07-06,2024-08-23,Newcastle,90,7.4,1,335,7.28,4,OK
Gerson,611876,September 2024,2024-07-06,2024-08-23,Flamengo,967,7.08,12,0,,0,OK
João Gomes,1015267,September 2024,2024-07-06,2024-08-23,Wolverhampton,84,6.6,1,327,6.68,4,OK
Lucas Paquetá,839981,September 2024,2024-07-06,2024-08-23,West Ham,74,6.8,1,295,7.4,4,OK
Rodrygo,910536,September 2024,2024-07-06,2024-08-23,Real Madrid,166,7.6,2,329,7,4,OK
Endrick,1174937,September 2024,2024-07-06,2024-08-23,Real Madrid,0,,0,130,6.53,4,OK
Estêvão,1597265,September 2024,2024-07-06,2024-08-23,Palmeiras,500,7.01,7,0,,0,OK
Luiz Henrique,1035995,September 2024,2024-07-06,2024-08-23,Botafogo,887,7.28,12,0,,0,OK
João Pedro,975079,September 2024,2024-07-06,2024-08-23,Brighton,82,7.1,1,0,,0,OK
Pedro,840219,September 2024,2024-07-06,2024-08-23,Flamengo,708,7.23,9,0,,0,OK
Lucas Moura,149710,September 2024,2024-07-06,2024-08-23,São Paulo,882,7.38,11,0,,0,OK
Vinícius Júnior,868812,September 2024,2024-07-06,2024-08-23,Real Madrid,176,7.2,2,251,7.2,3,OK
Bento,1016104,October 2024,2024-09-11,2024-09-27,Al-Nassr,450,6.88,5,0,,0,OK
Ederson,254491,October 2024,2024-09-11,2024-09-27,Manchester City,270,7.13,3,180,7,2,OK
Alisson,243609,October 2024,2024-09-11,2024-09-27,Liverpool,180,6.5,2,0,,0,OK
Weverton,243529,October 2024,2024-09-11,2024-09-27,Palmeiras,180,7.55,2,0,,0,OK
Danilo,1064039,October 2024,2024-09-11,2024-09-27,Juventus,0,,0,0,,0,OK
Vanderson,1090694,October 2024,2024-09-11,2024-09-27,Monaco,176,8.2,2,90,7.3,1,OK
Abner,973838,October 2024,2024-09-11,2024-09-27,Lyon,155,7.55,2,175,6.95,2,OK
Guilherme Arana,1127439,October 2024,2024-09-11,2024-09-27,Atlético-MG,265,6.93,3,0,,0,OK
Alex Telles,312110,October 2024,2024-09-11,2024-09-27,Botafogo,167,6.77,4,0,,0,OK
Bremer,885197,October 2024,2024-09-11,2024-09-27,Juventus,270,7.47,3,0,,0,OK
Lucas Beraldo,1108441,October 2024,2024-09-11,2024-09-27,PSG,264,6.87,4,0,,0,OK
Éder Militão,822519,October 2024,2024-09-11,2024-09-27,Real Madrid,305,7.35,4,0,,0,OK
Fabrício Bruno,840220,October 2024,2024-09-11,2024-09-27,Flamengo,353,7.1,4,0,,0,OK
Gabriel Magalhães,869792,October 2024,2024-09-11,2024-09-27,Arsenal,298,7.4,4,180,7.4,2,OK
Marquinhos,155995,October 2024,2024-09-11,2024-09-27,PSG,249,7.4,3,180,6.9,2,OK
André,1035996,October 2024,2024-09-11,2024-09-27,Wolverhampton,167,7.15,2,56,6.5,2,OK
Bruno Guimarães,866469,October 2024,2024-09-11,2024-09-27,Newcastle,177,6.7,2,124,7.3,2,OK
Gerson,611876,October 2024,2024-09-11,2024-09-27,Flamengo,360,7.7,4,135,7.1,2,OK
Lucas Paquetá,839981,October 2024,2024-09-11,2024-09-27,West Ham,148,6.4,3,45,6.4,1,OK
Rodrygo,910536,October 2024,2024-09-11,2024-09-27,Real Madrid,294,7.78,4,159,7.05,2,OK
Andreas Pereira,285949,October 2024,2024-09-11,2024-09-27,Fulham,153,6.95,2,21,7,1,OK
Vinícius Júnior,868812,October 2024,2024-09-11,2024-09-27,Real Madrid,304,7.4,4,0,,0,OK
Endrick,1174937,October 2024,2024-09-11,2024-09-27,Real Madrid,42,7.3,4,26,6.4,2,OK
Igor Jesus,981619,October 2024,2024-09-11,2024-09-27,Botafogo,275,7,4,154,7.4,2,OK
Gabriel Martinelli,922573,October 2024,2024-09-11,2024-09-27,Arsenal,276,6.83,4,10,6.5,1,OK
Luiz Henrique,1035995,October 2024,2024-09-11,2024-09-27,Botafogo,296,6.95,4,43,7.9,2,OK
Raphinha,831005,October 2024,2024-09-11,2024-09-27,Barcelona,360,7.35,4,168,7.65,2,OK
Savinho,1046795,October 2024,2024-09-11,2024-09-27,Manchester City,257,7.4,4,137,6.9,2,OK
Weverton,243529,November 2024,2024-10-16,2024-11-01,Palmeiras,180,6.5,2,0,,0,OK
Ederson,254491,November 2024,2024-10-16,2024-11-01,Manchester City,180,6.9,2,180,6.65,2,OK
Bento,1016104,November 2024,2024-10-16,2024-11-01,Al-Nassr,450,6.94,5,0,,0,OK
Danilo,1064039,November 2024,2024-10-16,2024-11-01,Juventus,0,,0,0,,0,OK
Vanderson,1090694,November 2024,2024-10-16,2024-11-01,Monaco,139,6.5,2,90,6.4,1,OK
Abner,973838,November 2024,2024-10-16,2024-11-01,Lyon,90,7.6,1,147,6.45,2,OK
Guilherme Arana,1127439,November 2024,2024-10-16,2024-11-01,Atlético-MG,265,7.03,3,0,,0,OK
Alex Telles,312110,November 2024,2024-10-16,2024-11-01,Botafogo,246,7.1,3,0,,0,OK
Éder Militão,822519,November 2024,2024-10-16,2024-11-01,Real Madrid,270,6.87,3,0,,0,OK
Léo Ortiz,869643,November 2024,2024-10-16,2024-11-01,Flamengo,332,6.7,4,0,,0,OK
Gabriel Magalhães,869792,November 2024,2024-10-16,2024-11-01,Arsenal,234,6.97,3,180,7.75,2,OK
Marquinhos,155995,November 2024,2024-10-16,2024-11-01,PSG,180,7.35,2,180,7.25,2,OK
Murillo,1199282,November 2024,2024-10-16,2024-11-01,Nottingham Forest,180,7.5,2,0,,0,OK
André,1035996,November 2024,2024-10-16,2024-11-01,Wolverhampton,46,6.8,2,9,6.5,1,OK
Andreas Pereira,285949,November 2024,2024-10-16,2024-11-01,Fulham,147,6.45,2,0,,0,OK
Bruno Guimarães,866469,November 2024,2024-10-16,2024-11-01,Newcastle,202,7.07,3,168,6.7,2,OK
Gerson,611876,November 2024,2024-10-16,2024-11-01,Flamengo,270,7.67,3,176,7.15,2,OK
Lucas Paquetá,839981,November 2024,2024-10-16,2024-11-01,West Ham,106,6.4,2,31,6.8,2,OK
Raphinha,831005,November 2024,2024-10-16,2024-11-01,Barcelona,232,8.77,3,180,7.25,2,OK
Estêvão,1597265,November 2024,2024-10-16,2024-11-01,Palmeiras,177,7.4,2,18,6.2,2,OK
Igor Jesus,981619,November 2024,2024-10-16,2024-11-01,Botafogo,241,7.57,3,126,6.7,2,OK
Luiz Henrique,1035995,November 2024,2024-10-16,2024-11-01,Botafogo,250,7.83,3,54,6.6,2,OK
Rodrygo,910536,November 2024,2024-10-16,2024-11-01,Real Madrid,112,6.6,2,0,,0,OK
Gabriel Martinelli,922573,November 2024,2024-10-16,2024-11-01,Arsenal,263,7.03,4,40,6.6,2,OK
Savinho,1046795,November 2024,2024-10-16,2024-11-01,Manchester City,316,7.92,4,141,7.2,2,OK
Vinícius Júnior,868812,November 2024,2024-10-16,2024-11-01,Real Madrid,270,8.03,3,180,7,2,OK
Alisson,243609,March 2025,2024-11-20,2025-03-06,Liverpool,1620,7.13,18,78,6.8,1,OK
Bento,1016104,March 2025,2024-11-20,2025-03-06,Al-Nassr,1440,7.1,16,102,6.4,2,OK
Ederson,254491,March 2025,2024-11-20,2025-03-06,Manchester City,1260,7.09,14,0,,0,OK
Weverton,243529,March 2025,2024-11-20,2025-03-06,Palmeiras,1440,7.03,16,0,,0,OK
Lucas Perri,871290,March 2025,2024-11-20,2025-03-06,Lyon,1710,7.31,19,0,,0,OK
Danilo,1064039,March 2025,2024-11-20,2025-03-06,Flamengo,283,6.68,6,0,,0,OK
Alex Sandro,84854,March 2025,2024-11-20,2025-03-06,Flamengo,435,7.17,7,0,,0,OK
Gabriel Magalhães,869792,March 2025,2024-11-20,2025-03-06,Arsenal,1878,7.25,22,90,7,1,OK
Guilherme Arana,1127439,March 2025,2024-11-20,2025-03-06,Atlético-MG,1019,7.2,14,180,6.5,2,OK
Léo Ortiz,869643,March 2025,2024-11-20,2025-03-06,Flamengo,838,7.3,11,46,6.2,2,OK
Marquinhos,155995,March 2025,2024-11-20,2025-03-06,PSG,1494,7.44,18,180,6.5,2,OK
Murillo,1199282,March 2025,2024-11-20,2025-03-06,Nottingham Forest,1430,7.24,16,45,6.2,1,OK
Vanderson,1090694,March 2025,2024-11-20,2025-03-06,Monaco,1640,7.05,20,79,6.5,1,OK
Wesley,1134200,March 2025,2024-11-20,2025-03-06,Flamengo,883,7.32,12,101,6.75,2,OK
André,1035996,March 2025,2024-11-20,2025-03-06,Wolverhampton,1374,6.87,18,96,6.7,2,OK
Bruno Guimarães,866469,March 2025,2024-11-20,2025-03-06,Newcastle,1695,7.21,21,78,7,1,OK
Gerson,611876,March 2025,2024-11-20,2025-03-06,Flamengo,757,7.24,10,28,6.8,1,OK
Joelinton,560128,March 2025,2024-11-20,2025-03-06,Newcastle,1230,6.87,16,107,6.3,2,OK
Matheus Cunha,886363,March 2025,2024-11-20,2025-03-06,Wolverhampton,1468,7.6,17,99,6.95,2,OK
Neymar,124712,March 2025,2024-11-20,2025-03-06,Santos,508,7.73,7,0,,0,OK
Endrick,1174937,March 2025,2024-11-20,2025-03-06,Real Madrid,378,6.91,17,45,6.6,1,OK
Estêvão,1597265,March 2025,2024-11-20,2025-03-06,Palmeiras,1172,7.4,15,0,,0,OK
João Pedro,975079,March 2025,2024-11-20,2025-03-06,Brighton,1352,7.18,18,60,6.5,1,OK
Raphinha,831005,March 2025,2024-11-20,2025-03-06,Barcelona,1865,7.87,23,180,7.4,2,OK
Rodrygo,910536,March 2025,2024-11-20,2025-03-06,Real Madrid,1715,7.67,24,123,6.45,2,OK
Savinho,1046795,March 2025,2024-11-20,2025-03-06,Manchester City,1333,7.09,21,33,6.7,2,OK
Vinícius Júnior,868812,March 2025,2024-11-20,2025-03-06,Real Madrid,1609,7.28,20,179,7.45,2,OK
Alisson,243609,June 2025,2025-03-26,2025-05-26,Liverpool,630,7.24,7,180,7.1,2,OK
Bento,1016104,June 2025,2025-03-26,2025-05-26,Al-Nassr,990,6.84,11,0,,0,OK
Hugo Souza,950454,June 2025,2025-03-26,2025-05-26,Corinthians,990,6.99,11,0,,0,OK
Alex Sandro,84854,June 2025,2025-03-26,2025-05-26,Flamengo,866,7.15,11,164,6.9,2,OK
Alexsandro Ribeiro,1049775,June 2025,2025-03-26,2025-05-26,Lille,630,7.13,7,180,7.3,2,OK
Lucas Beraldo,1108441,June 2025,2025-03-26,2025-05-26,PSG,684,6.95,10,16,6.5,1,OK
Carlos Augusto,929199,June 2025,2025-03-26,2025-05-26,Inter de Milão,917,7.02,14,0,,0,OK
Danilo,1064039,June 2025,2025-03-26,2025-05-26,Flamengo,228,6.7,5,0,,0,OK
Léo Ortiz,869643,June 2025,2025-03-26,2025-05-26,Flamengo,1183,7.29,14,0,,0,OK
Marquinhos,155995,June 2025,2025-03-26,2025-05-26,PSG,773,7.42,9,180,7.15,2,OK
Vanderson,1090694,June 2025,2025-03-26,2025-05-26,Monaco,392,7.01,7,179,7.5,2,OK
Wesley,1134200,June 2025,2025-03-26,2025-05-26,Flamengo,1045,7.32,13,0,,0,OK
Andreas Pereira,285949,June 2025,2025-03-26,2025-05-26,Fulham,501,6.64,8,1,,1,OK
Andrey Santos,1105779,June 2025,2025-03-26,2025-05-26,Strasbourg,720,7.45,8,12,6.5,1,OK
Bruno Guimarães,866469,June 2025,2025-03-26,2025-05-26,Newcastle,851,7.23,10,179,7.5,2,OK
Casemiro,122951,June 2025,2025-03-26,2025-05-26,Manchester United,845,7.6,10,180,7.4,2,OK
Éderson,946888,June 2025,2025-03-26,2025-05-26,Atalanta,562,7.01,8,0,,0,OK
Gerson,611876,June 2025,2025-03-26,2025-05-26,Flamengo,1019,7.26,14,89,6.7,2,OK
Antony,958380,June 2025,2025-03-26,2025-05-26,Betis,1138,7.51,14,0,,0,OK
Estêvão,1597265,June 2025,2025-03-26,2025-05-26,Palmeiras,1306,7.08,17,64,6.7,1,OK
Gabriel Martinelli,922573,June 2025,2025-03-26,2025-05-26,Arsenal,1062,7.06,13,116,6.9,2,OK
Matheus Cunha,886363,June 2025,2025-03-26,2025-05-26,Wolverhampton,455,7.63,7,105,7.05,2,OK
Raphinha,831005,June 2025,2025-03-26,2025-05-26,Barcelona,1220,7.72,15,90,7.6,1,OK
Richarlison,840217,June 2025,2025-03-26,2025-05-26,Tottenham,404,6.58,10,76,6.25,2,OK
Vinícius Júnior,868812,June 2025,2025-03-26,2025-05-26,Real Madrid,898,7.33,12,168,6.7,2,OK
Alisson,243609,September 2025,2025-06-11,2025-08-25,Liverpool,315,7.22,4,180,7.65,2,OK
Bento,1016104,September 2025,2025-06-11,2025-08-25,Al-Nassr,315,6.55,5,0,,0,OK
Hugo Souza,950454,September 2025,2025-06-11,2025-08-25,Corinthians,1080,6.94,12,0,,0,OK
Alexsandro Ribeiro,1049775,September 2025,2025-06-11,2025-08-25,Lille,225,6.77,7,90,6.4,1,OK
Caio Henrique,845170,September 2025,2025-06-11,2025-08-25,Monaco,338,7.28,9,90,6.9,1,OK
Douglas Santos,243583,September 2025,2025-06-11,2025-08-25,Zenit,411,6.58,9,90,7.7,1,OK
Fabrício Bruno,840220,September 2025,2025-06-11,2025-08-25,Cruzeiro,1080,7.39,14,90,6.6,1,OK
Gabriel Magalhães,869792,September 2025,2025-06-11,2025-08-25,Arsenal,271,7.25,4,90,7.3,1,OK
Marquinhos,155995,September 2025,2025-06-11,2025-08-25,PSG,675,7.29,8,119,7.2,2,OK
Vitinho,914477,September 2025,2025-06-11,2025-08-25,Botafogo,1249,7.12,16,61,6.5,1,OK
Vanderson,1090694,September 2025,2025-06-11,2025-08-25,Monaco,132,6.8,6,0,,0,OK
Wesley,1134200,September 2025,2025-06-11,2025-08-25,Roma,808,6.97,11,90,7.8,1,OK
Andrey Santos,1105779,September 2025,2025-06-11,2025-08-25,Chelsea,300,6.71,8,97,6.85,2,OK
Bruno Guimarães,866469,September 2025,2025-06-11,2025-08-25,Newcastle,450,7.1,6,180,8.05,2,OK
Casemiro,122951,September 2025,2025-06-11,2025-08-25,Manchester United,236,6.95,7,66,7.3,1,OK
Joelinton,560128,September 2025,2025-06-11,2025-08-25,Newcastle,381,6.34,5,0,,0,OK
Lucas Paquetá,839981,September 2025,2025-06-11,2025-08-25,West Ham,180,7.7,6,109,7.1,2,OK
Jean Lucas,927975,September 2025,2025-06-11,2025-08-25,Bahia,1066,7.15,13,17,6.4,1,OK
Estêvão,1597265,September 2025,2025-06-11,2025-08-25,Chelsea,604,7.02,9,95,7.25,2,OK
Gabriel Martinelli,922573,September 2025,2025-06-11,2025-08-25,Arsenal,325,6.7,6,71,7.4,1,OK
João Pedro,975079,September 2025,2025-06-11,2025-08-25,Chelsea,412,7.59,7,100,6.65,2,OK
Kaio Jorge,954888,September 2025,2025-06-11,2025-08-25,Cruzeiro,982,7.21,14,19,6.5,1,OK
Luiz Henrique,1035995,September 2025,2025-06-11,2025-08-25,Zenit,278,6.95,8,85,7.25,2,OK
Matheus Cunha,886363,September 2025,2025-06-11,2025-08-25,Manchester United,315,6.8,6,0,,0,OK
Samuel Lino,874705,September 2025,2025-06-11,2025-08-25,Flamengo,601,7.31,10,61,6.5,1,OK
Raphinha,831005,September 2025,2025-06-11,2025-08-25,Barcelona,302,7.12,6,108,7,2,OK
Richarlison,840217,September 2025,2025-06-11,2025-08-25,Tottenham,446,7.19,7,72,6.45,2,OK
Bento,1016104,October 2025,2025-09-10,2025-10-01,Al-Nassr,360,7.03,4,90,6.9,1,OK
John,840103,October 2025,2025-09-10,2025-10-01,Nottingham Forest,90,5.3,1,0,,0,OK
Hugo Souza,950454,October 2025,2025-09-10,2025-10-01,Corinthians,450,7.12,5,90,6,1,OK
Caio Henrique,845170,October 2025,2025-09-10,2025-10-01,Monaco,173,6.47,4,15,7,1,OK
Carlos Augusto,929199,October 2025,2025-09-10,2025-10-01,Internazionale,209,6.7,4,95,6.55,2,OK
Douglas Santos,243583,October 2025,2025-09-10,2025-10-01,Zenit,270,7.17,3,70,7,1,OK
Éder Militão,822519,October 2025,2025-09-10,2025-10-01,Real Madrid,315,7.35,4,90,7.6,1,OK
Fabrício Bruno,840220,October 2025,2025-09-10,2025-10-01,Cruzeiro,360,7.28,4,90,6.5,1,OK
Gabriel Magalhães,869792,October 2025,2025-09-10,2025-10-01,Arsenal,454,7.27,6,90,7.1,1,OK
Lucas Beraldo,1108441,October 2025,2025-09-10,2025-10-01,PSG,160,8.15,2,90,6.6,1,OK
Vitinho,914477,October 2025,2025-09-10,2025-10-01,Botafogo,549,6.73,7,70,7.1,1,OK
Wesley,1134200,October 2025,2025-09-10,2025-10-01,Roma,149,6.8,2,0,,0,OK
Paulo Henrique,1021721,October 2025,2025-09-10,2025-10-01,Vasco da Gama,540,7.08,6,110,7.1,2,OK
André,1035996,October 2025,2025-09-10,2025-10-01,Wolverhampton,261,7.15,4,11,6.6,1,OK
Bruno Guimarães,866469,October 2025,2025-09-10,2025-10-01,Newcastle,433,7.02,5,136,7.6,2,OK
Casemiro,122951,October 2025,2025-09-10,2025-10-01,Manchester United,60,6.45,2,180,7.55,2,OK
João Gomes,1015267,October 2025,2025-09-10,2025-10-01,Wolverhampton,253,6.67,4,0,,0,OK
Joelinton,560128,October 2025,2025-09-10,2025-10-01,Newcastle,365,7.22,5,33,6.9,1,OK
Lucas Paquetá,839981,October 2025,2025-09-10,2025-10-01,West Ham,247,6.43,3,95,7,2,OK
Estêvão,1597265,October 2025,2025-09-10,2025-10-01,Chelsea,145,6.55,5,85,7.35,2,OK
Gabriel Martinelli,922573,October 2025,2025-09-10,2025-10-01,Arsenal,215,7.08,6,57,6.8,1,OK
Igor Jesus,981619,October 2025,2025-09-10,2025-10-01,Nottingham Forest,154,7.3,4,10,6.7,1,OK
Luiz Henrique,1035995,October 2025,2025-09-10,2025-10-01,Zenit,244,7.1,4,75,6.7,1,OK
Matheus Cunha,886363,October 2025,2025-09-10,2025-10-01,Manchester United,116,6.8,2,113,7.15,2,OK
Richarlison,840217,October 2025,2025-09-10,2025-10-01,Tottenham,395,6.55,6,26,6.6,2,OK
Rodrygo,910536,October 2025,2025-09-10,2025-10-01,Real Madrid,124,6.96,5,123,8.05,2,OK
Vinícius Júnior,868812,October 2025,2025-09-10,2025-10-01,Real Madrid,422,6.92,6,136,7.45,2,OK
Bento,1016104,November 2025,2025-10-15,2025-11-03,Al-Nassr,180,6.1,2,90,6.7,1,OK
Ederson,254491,November 2025,2025-10-15,2025-11-03,Fenerbahçe,270,7.4,3,90,6.8,1,OK
Hugo Souza,950454,November 2025,2025-10-15,2025-11-03,Corinthians,180,7.1,2,0,,0,OK
John,840103,November 2025,2025-10-15,2025-11-03,Nottingham Forest,0,,0,0,,0,OK
Alex Sandro,84854,November 2025,2025-10-15,2025-11-03,Flamengo,325,6.9,4,89,7,1,OK
Danilo,1064039,November 2025,2025-10-15,2025-11-03,Flamengo,168,7.15,2,0,,0,OK
Caio Henrique,845170,November 2025,2025-10-15,2025-11-03,Monaco,270,7.37,3,91,7.1,2,OK
Éder Militão,822519,November 2025,2025-10-15,2025-11-03,Real Madrid,360,7.7,4,150,7.1,2,OK
Fabrício Bruno,840220,November 2025,2025-10-15,2025-11-03,Cruzeiro,161,6.85,2,31,6.8,2,OK
Gabriel Magalhães,869792,November 2025,2025-10-15,2025-11-03,Arsenal,362,7.66,5,64,6.9,1,OK
Luciano Juba,1017264,November 2025,2025-10-15,2025-11-03,Bahia,199,7.37,3,0,,0,OK
Marquinhos,155995,November 2025,2025-10-15,2025-11-03,PSG,113,7.1,2,180,6.95,2,OK
Paulo Henrique,1021721,November 2025,2025-10-15,2025-11-03,Vasco,270,7.23,3,0,,0,OK
Wesley,1134200,November 2025,2025-10-15,2025-11-03,Roma,443,7,5,71,6.6,2,OK
Andrey Santos,1105779,November 2025,2025-10-15,2025-11-03,Chelsea,193,7.05,4,0,,0,OK
Bruno Guimarães,866469,November 2025,2025-10-15,2025-11-03,Newcastle,365,7,5,150,7.05,2,OK
Casemiro,122951,November 2025,2025-10-15,2025-11-03,Manchester United,218,7.8,3,150,7.6,2,OK
Fabinho,243585,November 2025,2025-10-15,2025-11-03,Al-Ittihad,392,7.08,5,30,6.7,1,OK
Lucas Paquetá,839981,November 2025,2025-10-15,2025-11-03,West Ham,270,7.4,3,41,6.4,2,OK
Estêvão,1597265,November 2025,2025-10-15,2025-11-03,Chelsea,207,6.8,5,173,7.85,2,OK
João Pedro,975079,November 2025,2025-10-15,2025-11-03,Chelsea,265,6.9,3,25,6.7,1,OK
Luiz Henrique,1035995,November 2025,2025-10-15,2025-11-03,Zenit,260,6.97,3,22,6.5,2,OK
Matheus Cunha,886363,November 2025,2025-10-15,2025-11-03,Manchester United,261,7.7,3,110,7.15,2,OK
Richarlison,840217,November 2025,2025-10-15,2025-11-03,Tottenham,236,6.68,5,0,,0,OK
Rodrygo,910536,November 2025,2025-10-15,2025-11-03,Real Madrid,115,6.73,3,162,7.65,2,OK
Vinícius Júnior,868812,November 2025,2025-10-15,2025-11-03,Real Madrid,270,6.97,4,179,7.15,2,OK
Vitor Roque,1150391,November 2025,2025-10-15,2025-11-03,Palmeiras,420,7.38,6,45,7.3,1,OK
Alisson,243609,March 2026,2025-11-19,2026-03-16,Liverpool,2160,6.87,24,0,,0,OK
Hugo Souza,950454,March 2026,2025-11-19,2026-03-16,Corinthians,1980,6.88,22,0,,0,OK
Bento,1016104,March 2026,2025-11-19,2026-03-16,Al-Nassr,1350,7.11,16,90,5.9,1,OK
Ederson,254491,March 2026,2025-11-19,2026-03-16,Fenerbahçe,1800,6.95,20,90,5.4,1,OK
Alex Sandro,84854,March 2026,2025-11-19,2026-03-16,Flamengo,1416,6.89,17,0,,0,OK
Kaiki,1112484,March 2026,2025-11-19,2026-03-16,Cruzeiro,1768,6.73,20,14,6.2,1,OK
Gabriel Magalhães,869792,March 2026,2025-11-19,2026-03-16,Arsenal,1537,7.25,19,0,,0,OK
Bremer,885197,March 2026,2025-11-19,2026-03-16,Juventus,1413,6.97,18,90,6.9,1,OK
Danilo,1064039,March 2026,2025-11-19,2026-03-16,Flamengo,903,7.31,12,95,7.6,2,OK
Douglas Santos,243583,March 2026,2025-11-19,2026-03-16,Zenit,270,7.43,5,166,6.6,2,OK
Ibañez,888949,March 2026,2025-11-19,2026-03-16,Al-Ahli,1863,7.36,22,80,6.7,2,OK
Leo Pereira,358548,March 2026,2025-11-19,2026-03-16,Flamengo,1656,7.26,19,180,6.65,2,OK
Marquinhos,155995,March 2026,2025-11-19,2026-03-16,PSG,1265,7.05,15,90,7,1,OK
Wesley,1134200,March 2026,2025-11-19,2026-03-16,Roma,1579,6.99,21,71,6.2,1,OK
Andrey Santos,1105779,March 2026,2025-11-19,2026-03-16,Chelsea,1413,6.97,22,85,6.55,2,OK
Casemiro,122951,March 2026,2025-11-19,2026-03-16,Manchester United,1456,7.19,19,145,7,2,OK
Danilo,1064039,March 2026,2025-11-19,2026-03-16,Botafogo,903,7.31,12,95,7.6,2,OK
Fabinho,243585,March 2026,2025-11-19,2026-03-16,Al-Ittihad,1924,7.15,22,29,7,1,OK
Gabriel Sara,913593,March 2026,2025-11-19,2026-03-16,Galatasaray,1576,7.26,22,15,7,1,OK
Endrick,1174937,March 2026,2025-11-19,2026-03-16,Lyon,1043,7.21,14,14,7.8,1,OK
Gabriel Martinelli,922573,March 2026,2025-11-19,2026-03-16,Arsenal,1360,6.92,28,85,7.1,2,OK
Igor Thiago,1016907,March 2026,2025-11-19,2026-03-16,Brentford,1760,6.9,20,42,6.7,2,OK
João Pedro,975079,March 2026,2025-11-19,2026-03-16,Chelsea,1845,7.11,27,95,6.35,2,OK
Luiz Henrique,1035995,March 2026,2025-11-19,2026-03-16,Zenit,544,7,11,121,7.45,2,OK
Matheus Cunha,886363,March 2026,2025-11-19,2026-03-16,Manchester United,1398,7.06,18,147,7.05,2,OK
Raphinha,831005,March 2026,2025-11-19,2026-03-16,Barcelona,1450,7.52,22,45,6.2,1,OK
Rayan,1464966,March 2026,2025-11-19,2026-03-16,Bournemouth,1343,7.34,16,14,6.7,1,OK
Vinícius Júnior,868812,March 2026,2025-11-19,2026-03-16,Real Madrid,2110,7.38,25,157,6.9,2,OK